"occupation_id","source_ref","employer_name","job_title","source_url","source_kind","review_status","notes"
"occ_23_1011_00","law_01","Affirm","Senior Counsel, Ethics & Employment","https://boards.greenhouse.io/embed/job_app?token=7239490003","public_job_posting","reviewed_for_gap_fill","supports_playbooks_investigations_and_practical_guidance"
"occ_23_1011_00","law_02","Epic Games","Senior Product Counsel, Children's Privacy & Design","https://boards.greenhouse.io/embed/job_app?token=5460393004","public_job_posting","reviewed_for_gap_fill","supports_practical_product_guidance_and_escalation_logic"
"occ_23_1011_00","law_03","Fullscript","Senior Counsel, Commercial, Data and Strategic Partnerships","https://jobs.lever.co/fullscript/11637385-5e01-4aec-a0a3-dc4ea2ee4f76","public_job_posting","reviewed_for_gap_fill","supports_data_partnership_and_governance_work"
"occ_23_1011_00","law_04","Instawork","Senior Commercial Counsel","https://boards.greenhouse.io/embed/job_app?gh_src=dd8f22f76us&source=LinkedIn&token=4436009006","public_job_posting","reviewed_for_gap_fill","supports_playbooks_templates_and_commercial_workflows"
"occ_23_1011_00","law_05","Alchemy","Associate General Counsel","https://boards.greenhouse.io/embed/job_app?token=4556627005","public_job_posting","reviewed_for_gap_fill","supports_product_launch_guidance_and_regulatory_translation"
"occ_15_2051_00","ds_01","SpyCloud","Senior Data Scientist","https://boards.greenhouse.io/embed/job_app?token=6651905003","public_job_posting","reviewed_for_gap_fill","supports_new_data_sources_documentation_and_cross_functional_problem_framing"
"occ_15_2051_00","ds_02","Influ2","Data Scientist / Applied ML Engineer","https://jobs.lever.co/influ2/03f0d683-1888-4508-926d-5dce286c111b","public_job_posting","reviewed_for_gap_fill","supports_hypothesis_experiment_and_product_problem_framing"
"occ_15_2051_00","ds_03","Fullscript","Lead Data Scientist","https://jobs.lever.co/fullscript/5ec81b29-153d-4483-a7ba-b4f1d8397512","public_job_posting","reviewed_for_gap_fill","supports_methodological_rigor_repeatable_research_and_scale"
"occ_15_2051_00","ds_04","Samba TV","Senior Data Scientist, Measurement","https://jobs.lever.co/sambatv/c9666321-7b7a-4229-844d-4b72ca7321b1","public_job_posting","reviewed_for_gap_fill","supports_end_to_end_lifecycle_and_operationalization"
"occ_15_2051_00","ds_05","Xero","Sr. Data Scientist (Product Data Science)","https://jobs.lever.co/xero/0df9a23e-59e5-4280-83a9-bc9f3fcf07b9","public_job_posting","reviewed_for_gap_fill","supports_experimentation_and_pipeline_ownership"
"occ_13_1111_00","ma_01","Lumafield","Senior Business Operations Analyst","https://jobs.lever.co/lumafield/6c7fa613-b50d-4faa-9895-0bbe098bde48","public_job_posting","reviewed_for_gap_fill","supports_process_buildout_tools_and_training"
"occ_13_1111_00","ma_02","Shield AI","Lead, Strategy & Operations","https://jobs.lever.co/shieldai/ca460f45-c2f4-4b58-bfd3-dd6a2cfdccf8","public_job_posting","reviewed_for_gap_fill","supports_business_cases_and_cross_company_initiatives"
"occ_13_1111_00","ma_03","Brighte","Business Analyst","https://jobs.lever.co/brighte/973dbce1-6fbc-4049-acc6-92ab5bdacfb4","public_job_posting","reviewed_for_gap_fill","supports_requirements_scoping_workshops_and_prioritization"
"occ_13_1111_00","ma_04","Valence","Strategy & Operations Associate","https://jobs.lever.co/valence/f2422f63-427a-4f20-a147-0bb2b07eaa2a","public_job_posting","reviewed_for_gap_fill","supports_playbooks_adoption_and_real_time_feedback"
"occ_13_1111_00","ma_05","Snappr","Strategy & Operations Lead","https://jobs.lever.co/snappr/38a7b52c-6255-49e4-9884-b3c5e1b8f9b7","public_job_posting","reviewed_for_gap_fill","supports_execution_gaps_and_operating_rhythm"
"occ_27_3042_00","tw_01","Pleo","Senior Tech Writer","https://boards.greenhouse.io/embed/job_app?token=6661087003","public_job_posting","reviewed_for_gap_fill","supports_information_architecture_lifecycle_tracking_and_developer_experience"
"occ_27_3042_00","tw_02","Kizen","Senior Technical Writer","https://boards.greenhouse.io/embed/job_app?token=4673042008","public_job_posting","reviewed_for_gap_fill","supports_api_guides_release_notes_and_developer_needs"
"occ_27_3042_00","tw_03","Linda Werner & Associates","API Technical Writer V","https://boards.greenhouse.io/embed/job_app?token=4885968008","public_job_posting","reviewed_for_gap_fill","supports_code_samples_tutorials_and_developer_research"
"occ_27_3042_00","tw_04","Veeva Systems","Technical Writer","https://jobs.lever.co/veeva/19c6b0c9-1bc9-4640-91b7-d429bf26df85","public_job_posting","reviewed_for_gap_fill","supports_release_feature_tracking_and_revision_loops"
"occ_27_3042_00","tw_05","Tanium","Senior Technical Writer","https://boards.greenhouse.io/embed/job_app?for=tanium&token=7024800","public_job_posting","reviewed_for_gap_fill","supports_style_standards_information_architecture_and_cross_contributor_editing"
"occ_41_3091_00","sr_01","Skillshare","Account Executive (Contract)","https://jobs.lever.co/skillshare/72e03f44-03ae-40cc-adc0-84832d2dfdfc","public_job_posting","reviewed_for_gap_fill","supports_full_cycle_discovery_prospecting_and_solution_fit"
"occ_41_3091_00","sr_02","FloQast","Account Executive, Enterprise Accounts","https://jobs.lever.co/floqast/46fe0359-9db0-4af1-9531-b41c5c29f473","public_job_posting","reviewed_for_gap_fill","supports_internal_orchestration_and_post_sale_handoff"
"occ_41_3091_00","sr_03","A.Team","Enterprise Account Executive","https://jobs.lever.co/a/07defe7a-bf3e-4bf9-acc5-f5802b2e37a5","public_job_posting","reviewed_for_gap_fill","supports_multi_stakeholder_discovery_and_complex_deal_navigation"
"occ_41_3091_00","sr_04","Octopus Deploy","Enterprise Growth Account Executive","https://jobs.lever.co/octopus/33eb4717-6588-497c-a24a-dbe2e1a05b48","public_job_posting","reviewed_for_gap_fill","supports_pipeline_forecast_and_multi_threaded_relationship_work"
"occ_41_3091_00","sr_05","H1","Enterprise Account Executive","https://jobs.lever.co/h1/60e7b3d3-c402-45b1-a590-9a7d649dba6b","public_job_posting","reviewed_for_gap_fill","supports_end_to_end_sales_process_and_expansion_work"
"occ_13_1082_00","pm_01","Apply Digital","Senior Project Manager","https://jobs.lever.co/applydigital/48872d58-ec7b-4e68-abed-1608ee9996d2","public_job_posting","reviewed_for_gap_fill","supports_risk_escalation_and_complex_delivery_management"
"occ_13_1082_00","pm_02","Avalere Health","Project Manager","https://jobs.lever.co/avalerehealth/22f9f7ba-99ba-4f63-9827-4955348e0533","public_job_posting","reviewed_for_gap_fill","supports_client_facing_status_tradeoffs_and_project_direction"
"occ_13_1082_00","pm_03","AHEAD","Project Coordinator","https://jobs.lever.co/thinkahead/8ba257fd-b18a-4937-ab13-40ce0a04af39","public_job_posting","reviewed_for_gap_fill","supports_task_tracking_cadence_and_cross_team_follow_through"
"occ_13_1082_00","pm_04","Jobgether","Project Coordinator","https://jobs.lever.co/jobgether/cdbe37f4-3564-4cdc-8151-b089cb76b839","public_job_posting","reviewed_for_gap_fill","supports_project_systems_reporting_and_resource_visibility"
"occ_13_1199_00","bo_01","Rillet","Business Operations Associate","https://jobs.lever.co/rillet/c5741970-b3a3-4d67-978a-24ef9d5964a7","public_job_posting","reviewed_for_gap_fill","supports_reporting_forecasts_and_operating_reviews"
"occ_13_1199_00","bo_02","Camber","Business Operations Analyst, Commercial Strategy","https://jobs.lever.co/camber/3746ff75-5db8-4b86-886a-44de251a0e21","public_job_posting","reviewed_for_gap_fill","supports_cross_functional_process_design_and_scale"
"occ_13_1199_00","bo_03","Venteur","Technical Operations Specialist","https://jobs.lever.co/venteur/edfc0018-b4b3-4699-b9d4-23b983be754c","public_job_posting","reviewed_for_gap_fill","supports_vendor_and_internal_service_workflows"
"occ_13_1199_00","bo_04","Saviynt","Global Entity & Compliance Associate","https://jobs.lever.co/saviynt/6cd6e28d-97bb-42ec-a894-454e16f27aa8","public_job_posting","reviewed_for_gap_fill","supports_automation_and_control_improvements"
"occ_43_4051_00","cs_01","Glue","Customer Support Specialist","https://jobs.lever.co/gluegroups/5b779c9a-1593-497e-a157-0f2bba954f7c","public_job_posting","reviewed_for_gap_fill","supports_ticket_triage_and_support_process_design"
"occ_43_4051_00","cs_02","WeSalute","Customer Support Representative","https://jobs.lever.co/WeSalute/5b6cdb4e-049e-48a2-b9d1-eaa0e53556df","public_job_posting","reviewed_for_gap_fill","supports_multi_channel_customer_resolution"
"occ_43_4051_00","cs_03","Circadia Health","Customer Support Representative","https://jobs.lever.co/circadiahealth/fcee14a3-a7de-4f2d-87bb-fd5147aca1cf","public_job_posting","reviewed_for_gap_fill","supports_knowledge_capture_and_recurring_issue_feedback"
"occ_43_4051_00","cs_04","Instructure","Customer Support Engineer","https://jobs.lever.co/instructure/f36ac629-1f3e-4e26-bee5-dae65401669a","public_job_posting","reviewed_for_gap_fill","supports_technical_troubleshooting_and_support_automation"
"occ_13_2011_00","acc_01","Revel Labs","Senior Accountant","https://jobs.lever.co/revellabs/6c64f8f7-1f5c-49a4-b3ee-f6f4f1f7af95","public_job_posting","reviewed_for_gap_fill","supports_close_reconciliations_and_accuracy_review"
"occ_13_2011_00","acc_02","AppZen","Senior Accountant","https://jobs.lever.co/appzen/391b2245-3f5a-40de-b0a0-e212cb6c3116","public_job_posting","reviewed_for_gap_fill","supports_system_improvement_and_control_design"
"occ_13_2011_00","acc_03","DigitalOcean","Senior Accountant II, GL","https://jobs.lever.co/digitalocean/a2f3b34d-7ddb-4c67-8c4a-e26ede801e44","public_job_posting","reviewed_for_gap_fill","supports_audit_readiness_and_policy_documentation"
"occ_13_2011_00","acc_04","Medely","Senior Corporate Accountant","https://jobs.lever.co/medely/242fe0a6-aa29-40af-b1e8-bff867b7b0b8","public_job_posting","reviewed_for_gap_fill","supports_unusual_transaction_review_and_escalation"
"occ_23_2011_00","para_01","Rivkin Radler","Paralegal - Tax & Trusts","https://jobs.lever.co/rivkinradler/f01ef36a-f1ef-4285-aa4e-2509d4d18122","public_job_posting","reviewed_for_gap_fill","supports_deadline_tracking_and_matter_systems"
"occ_23_2011_00","para_02","Parnall Law","Legal Assistant / Paralegal","https://jobs.lever.co/parnalllaw/3a1850f0-8dc9-4224-930f-a75d60752408","public_job_posting","reviewed_for_gap_fill","supports_client_packets_and_case_execution_readiness"
"occ_23_2011_00","para_03","NewsBreak","Paralegal / Legal Operations Specialist","https://jobs.lever.co/newsbreak/617a9a6e-8165-44c2-8ca4-7ac4d191c76a","public_job_posting","reviewed_for_gap_fill","supports_legal_ops_and_contract_lifecycle_coordination"
"occ_23_2011_00","para_04","Agile Legal","Paralegal","https://jobs.lever.co/agilelegal/7e0c5e23-f620-4124-a4bf-319963dbf3f8","public_job_posting","reviewed_for_gap_fill","supports_document_preparation_and_legal_support_execution"
"occ_13_1071_00","hr_01","Instacart","HR Generalist","https://boards.greenhouse.io/instacart/jobs/7592372","public_job_posting","reviewed_for_gap_fill","supports_employee_relations_manager_coaching_and_hr_policy_application"
"occ_13_1071_00","hr_02","Jobgether","Coordinator, People Operations","https://jobs.lever.co/jobgether/569cd860-5d25-4415-867c-b2a749e6a7d9","public_job_posting","reviewed_for_gap_fill","supports_hr_operations_onboarding_offboarding_and_hris_maintenance"
"occ_13_1071_00","hr_03","Figma","Business Recruiter","https://boards.greenhouse.io/figma/jobs/5754209004","public_job_posting","reviewed_for_gap_fill","supports_full_cycle_hiring_strategy_and_pipeline_management"
"occ_13_1071_00","hr_04","Instacart","HR Business Partner II","https://boards.greenhouse.io/instacart/jobs/7617000","public_job_posting","reviewed_for_gap_fill","supports_people_strategy_org_change_and_program_design"
"occ_13_1151_00","td_01","Veeva Systems","Technical Curriculum Developer - Enterprise Software","https://jobs.lever.co/veeva/41ba9c5b-0730-4eaa-a68a-00d640740321","public_job_posting","reviewed_for_gap_fill","supports_curriculum_design_for_technical_saas_users"
"occ_13_1151_00","td_02","Veeva Systems","eLearning Curriculum Developer - Veeva Safety","https://jobs.lever.co/veeva/8ade6d2a-befa-465c-8ef7-e5f7080a5ed1","public_job_posting","reviewed_for_gap_fill","supports_elearning_modules_simulations_and_assessment_design"
"occ_13_1151_00","td_03","Jobgether","Instructional Designer","https://jobs.lever.co/jobgether/2a2da551-f44f-46ec-8871-20675f959c29","public_job_posting","reviewed_for_gap_fill","supports_instructional_design_release_readiness_and_learning_experience_buildout"
"occ_13_1151_00","td_04","Aircall","Team Lead, Product Enablement & Education","https://jobs.lever.co/aircall/7b2d4b68-c277-4bd8-88cf-1595959c3724","public_job_posting","reviewed_for_gap_fill","supports_enablement_program_measurement_and_update_cycles"
"occ_13_1161_00","mk_01","FreedomPay","Marketing Analyst","https://jobs.lever.co/freedompay/d4e76479-f3c4-439e-8dfb-e43be45baa2e","public_job_posting","reviewed_for_gap_fill","supports_marketing_performance_reporting_and_campaign_analysis"
"occ_13_1161_00","mk_02","Brex","Senior Marketing Operations Manager, B2B Sales","https://boards.greenhouse.io/brex/jobs/8380680002","public_job_posting","reviewed_for_gap_fill","supports_marketing_operations_data_governance_and_b2b_funnel_execution"
"occ_13_1161_00","mk_03","Instacart","Senior Marketing Analyst (Multiple Levels)","https://boards.greenhouse.io/instacart/jobs/7562845","public_job_posting","reviewed_for_gap_fill","supports_lifecycle_and_growth_marketing_analysis"
"occ_13_1161_00","mk_04","Samsara","Marketing Operations Manager","https://boards.greenhouse.io/samsara/jobs/7681215","public_job_posting","reviewed_for_gap_fill","supports_marketing_workflow_automation_and_process_scaling"
"occ_15_1211_00","sa_01","Aircall","Senior / Staff Business Systems Analyst","https://jobs.lever.co/aircall/cad56454-52d0-41e0-84c0-ad043bc50e6d","public_job_posting","reviewed_for_gap_fill","supports_gtm_systems_optimization_integrations_and_data_quality"
"occ_15_1211_00","sa_02","Instacart","Business Systems Analyst II - Order to Cash (O2C)","https://boards.greenhouse.io/instacart/jobs/7697668","public_job_posting","reviewed_for_gap_fill","supports_order_to_cash_process_translation_and_system_change_delivery"
"occ_15_1211_00","sa_03","Veeva Systems","Business Systems Analyst - HR Apps","https://jobs.lever.co/veeva/db4d0eef-f29c-4b96-8c8f-8e45f82c872c","public_job_posting","reviewed_for_gap_fill","supports_hr_applications_release_testing_and_adoption"
"occ_15_1211_00","sa_04","Jobgether","Senior Systems Analyst (Remote)","https://jobs.lever.co/jobgether/1f47207a-32fd-4532-b24e-e5d752de5fee","public_job_posting","reviewed_for_gap_fill","supports_change_management_user_enablement_and_system_documentation"
"occ_15_1252_00","sd_01","Valence","Senior Software Engineer, Full Stack","https://jobs.lever.co/valence/7354cba0-cf12-49b1-9e02-9be2670b0aec","public_job_posting","reviewed_for_gap_fill","supports_full_stack_architecture_llm_integration_and_product_delivery"
"occ_15_1252_00","sd_02","Brex","Software Engineer II, Activation","https://boards.greenhouse.io/brex/jobs/8340253002","public_job_posting","reviewed_for_gap_fill","supports_production_delivery_activation_workflows_and_operational_reliability"
"occ_15_1252_00","sd_03","NewsBreak","Software Engineer, Web","https://boards.greenhouse.io/newsbreak/jobs/4639827006","public_job_posting","reviewed_for_gap_fill","supports_cross_functional_product_delivery_and_web_application_buildout"
"occ_15_1252_00","sd_04","Equativ","Backend Engineer (Golang)","https://jobs.lever.co/equativ/492f8917-fd29-46ab-b47c-e60873fd53a9","public_job_posting","reviewed_for_gap_fill","supports_backend_service_scaling_engineering_standards_and_system_reliability"
"occ_11_1021_00","gm_01","Samsara","Business Operations Manager - GTM","https://boards.greenhouse.io/samsara/jobs/7271233","public_job_posting","reviewed_for_gap_fill","supports_cross_functional_operating_rhythms_and_sales_efficiency_programs"
"occ_11_1021_00","gm_02","Figma","Operations Program Manager","https://boards.greenhouse.io/figma/jobs/5801730004","public_job_posting","reviewed_for_gap_fill","supports_support_operations_tooling_process_improvement_and_scale"
"occ_11_1021_00","gm_03","NewsBreak","Ad Revenue Operations Lead","https://boards.greenhouse.io/newsbreak/jobs/4649186006","public_job_posting","reviewed_for_gap_fill","supports_revenue_operations_finance_handoffs_and_workflow_automation"
"occ_11_1021_00","gm_04","Discord","Workplace Operations Program Manager","https://boards.greenhouse.io/discord/jobs/8428843002","public_job_posting","reviewed_for_gap_fill","supports_vendor_management_policy_iteration_and_employee_service_operations"
"occ_13_2051_00","fa_01","Instacart","Finance Analyst (Strategic Finance - Ads)","https://boards.greenhouse.io/instacart/jobs/7624684","public_job_posting","reviewed_for_gap_fill","supports_driver_based_revenue_forecasting_and_exec_readouts"
"occ_13_2051_00","fa_02","Instacart","Financial Analyst II — Strategic Finance (Fulfillment)","https://boards.greenhouse.io/instacart/jobs/7630211","public_job_posting","reviewed_for_gap_fill","supports_operational_finance_modeling_resource_allocation_and_scenario_analysis"
"occ_13_2051_00","fa_03","Discord","Senior Financial Analyst","https://boards.greenhouse.io/discord/jobs/8335879002","public_job_posting","reviewed_for_gap_fill","supports_headcount_planning_forecasting_and_financial_process_scaling"
"occ_13_2051_00","fa_04","Figma","Strategic Finance","https://boards.greenhouse.io/figma/jobs/5792631004","public_job_posting","reviewed_for_gap_fill","supports_budgeting_topline_close_and_growth_lever_analysis"
"occ_15_2031_00","or_01","Instacart","Sr. Decision Scientist, Platform Excellence Ops Analytics","https://boards.greenhouse.io/instacart/jobs/7597008","public_job_posting","reviewed_for_gap_fill","supports_optimization_and_quality_improvement_via_advanced_operational_modeling"
"occ_15_2031_00","or_02","Instacart","Product Analytics (Strategy and Analytics) – Category Growth & Shopping Marketplace, Core Experience","https://boards.greenhouse.io/instacart/jobs/7562857","public_job_posting","reviewed_for_gap_fill","supports_metric_design_measurement_plans_and_growth_decision_support"
"occ_15_2031_00","or_03","Affirm","Analyst II, Quantitative Modeling & Forecasting","https://boards.greenhouse.io/affirm/jobs/7631911003","public_job_posting","reviewed_for_gap_fill","supports_forecasting_model_design_and_ai_integrated_decision_systems"
"occ_15_2031_00","or_04","Samsara","Sales Operations Analyst","https://boards.greenhouse.io/samsara/jobs/7584414","public_job_posting","reviewed_for_gap_fill","supports_scalable_data_models_automation_and_quota_analytics"
"occ_27_1024_00","gd_01","Superside","Brand Designer","https://jobs.lever.co/superside/848804a3-30a4-4d8e-b874-2d4876ffd2d6","public_job_posting","reviewed_for_gap_fill","supports_brand_campaign_visuals_and_fast_turn_creative_execution"
"occ_27_1024_00","gd_02","Brex","Senior Brand Designer","https://boards.greenhouse.io/brex/jobs/8393510002","public_job_posting","reviewed_for_gap_fill","supports_category_defining_brand_work_across_collateral_web_and_campaigns"
"occ_27_1024_00","gd_03","Discord","Senior Product Creative Illustrator","https://boards.greenhouse.io/discord/jobs/8404566002","public_job_posting","reviewed_for_gap_fill","supports_visual_systems_iconography_and_product_graphics"
"occ_27_1024_00","gd_04","Samsara","Communications Designer","https://boards.greenhouse.io/samsara/jobs/7550382","public_job_posting","reviewed_for_gap_fill","supports_visual_storytelling_for_exec_presentations_and_high_stakes_communications"
"occ_27_3043_00","wa_01","Superside","Conceptual Copywriter","https://jobs.lever.co/superside/6bd888e0-f3fb-4b1a-ab11-f236459caa00","public_job_posting","reviewed_for_gap_fill","supports_campaign_copy_and_complex_message_translation"
"occ_27_3043_00","wa_02","Riot Games","Principal UX Writer - Riftbound","https://boards.greenhouse.io/riotgames/jobs/7522039","public_job_posting","reviewed_for_gap_fill","supports_player_facing_text_editorial_systems_and_ux_clarity"
"occ_27_3043_00","wa_03","Figma","Web Content Strategist","https://boards.greenhouse.io/figma/jobs/5736009004","public_job_posting","reviewed_for_gap_fill","supports_information_architecture_user_journeys_and_content_strategy"
"occ_27_3043_00","wa_04","Instacart","Staff Content Designer - Model Design","https://boards.greenhouse.io/instacart/jobs/7571335","public_job_posting","reviewed_for_gap_fill","supports_content_systems_cross_functional_review_and_model_experience_copy"
"occ_41_3011_00","as_01","Brex","Enterprise Account Executive","https://boards.greenhouse.io/brex/jobs/7814866002","public_job_posting","reviewed_for_gap_fill","supports_enterprise_pipeline_generation_and_new_logo_acquisition"
"occ_41_3011_00","as_02","Figma","Account Executive, Enterprise","https://boards.greenhouse.io/figma/jobs/5426468004","public_job_posting","reviewed_for_gap_fill","supports_executive_value_selling_and_account_planning"
"occ_41_3011_00","as_03","Discord","Account Executive - Tech & Telco","https://boards.greenhouse.io/discord/jobs/8433948002","public_job_posting","reviewed_for_gap_fill","supports_advertising_solution_sales_and_market_feedback_loops"
"occ_41_3011_00","as_04","Samsara","Core Enterprise Account Executive EST/CST - Remote","https://boards.greenhouse.io/samsara/jobs/5979842","public_job_posting","reviewed_for_gap_fill","supports_multistakeholder_trials_negotiations_and_long_cycle_enterprise_sales"
"occ_13_1041_00","co_01","Anduril","Compliance Program Manager","https://boards.greenhouse.io/andurilindustries/jobs/5050610007","public_job_posting","reviewed_for_gap_fill","supports_audit_readiness_regulatory_liaison_and_compliance_execution"
"occ_13_1041_00","co_02","Toast","Compliance Manager, Consumer Protection & AI","https://boards.greenhouse.io/toast/jobs/7568218","public_job_posting","reviewed_for_gap_fill","supports_policy_training_complaint_management_and_ai_compliance_controls"
"occ_13_1041_00","co_03","Optiver","Macro Markets Compliance Officer","https://boards.greenhouse.io/optiverus/jobs/8396461002","public_job_posting","reviewed_for_gap_fill","supports_day_to_day_advisory_work_new_activity_review_and_market_conduct_oversight"
"occ_13_1041_00","co_04","Instacart","Program Manager, Compliance Program","https://boards.greenhouse.io/instacart/jobs/7555674","public_job_posting","reviewed_for_gap_fill","supports_end_to_end_compliance_delivery_monitoring_and_cross_functional_execution"
"occ_13_1081_00","log_01","Anduril","Logistics Program Manager","https://boards.greenhouse.io/andurilindustries/jobs/5014328007","public_job_posting","reviewed_for_gap_fill","supports_forward_reverse_and_deployment_logistics_for_fielded_systems"
"occ_13_1081_00","log_02","Revance","Sr. Logistics Analyst","https://boards.greenhouse.io/revance/jobs/8391173002","public_job_posting","reviewed_for_gap_fill","supports_transportation_kpis_cost_analysis_budgeting_and_carrier_coordination"
"occ_13_1081_00","log_03","Revance","Buyer/Planner","https://boards.greenhouse.io/revance/jobs/8436575002","public_job_posting","reviewed_for_gap_fill","supports_master_scheduling_purchase_orders_inventory_turns_and_supply_continuity"
"occ_13_1081_00","log_04","Waymo","Strategic Sourcing Manager, Electronic Components","https://boards.greenhouse.io/waymo/jobs/7435582","public_job_posting","reviewed_for_gap_fill","supports_supplier_strategy_negotiation_tco_and_cross_functional_supply_risk_management"
"occ_17_2072_00","ee_01","Anduril","Electrical Engineer","https://boards.greenhouse.io/andurilindustries/jobs/5036342007","public_job_posting","reviewed_for_gap_fill","supports_full_cycle_pcb_power_and_hardware_design_for_deployed_systems"
"occ_17_2072_00","ee_02","Anduril","Electrical Engineer, Avionics Design","https://boards.greenhouse.io/andurilindustries/jobs/5059872007","public_job_posting","reviewed_for_gap_fill","supports_avionics_architecture_component_selection_and_system_integration"
"occ_17_2072_00","ee_03","Aurora","Senior Electrical Engineer","https://boards.greenhouse.io/aurorainnovation/jobs/8232117002","public_job_posting","reviewed_for_gap_fill","supports_requirements_architecture_validation_and_productization_of_electronic_systems"
"occ_17_2072_00","ee_04","Anduril","Electrical Engineer III, Manufacturing Test","https://boards.greenhouse.io/andurilindustries/jobs/4988611007","public_job_posting","reviewed_for_gap_fill","supports_test_automation_fixtures_data_acquisition_and_factory_throughput_analytics"
"occ_17_2141_00","me_01","Waymo","Mechanical Engineer, Vehicle Engineering","https://boards.greenhouse.io/waymo/jobs/7409556","public_job_posting","reviewed_for_gap_fill","supports_vehicle_structures_trim_and_cross_platform_mechanical_integration"
"occ_17_2141_00","me_02","Anduril","Electro-Mechanical Engineer, R&D","https://boards.greenhouse.io/andurilindustries/jobs/4924593007","public_job_posting","reviewed_for_gap_fill","supports_trade_studies_concept_evaluation_and_vendor_collaboration_for_new_hardware"
"occ_17_2141_00","me_03","Anduril","Electro-Mechanical Engineer, PCBs/Motor Controls","https://boards.greenhouse.io/andurilindustries/jobs/4833637007","public_job_posting","reviewed_for_gap_fill","supports_prototype_builds_design_reviews_testing_and_transition_to_production"
"occ_17_2141_00","me_04","Anduril","Mechanical Engineer, Drones","https://boards.greenhouse.io/andurilindustries/jobs/5010190007","public_job_posting","reviewed_for_gap_fill","supports_mechanical_subsystem_ownership_for_batteries_structures_and_payload_integration"
"occ_27_3023_00","jr_01","CloudWalk","Journalist / AI Trainer","https://jobs.lever.co/cloudwalk/5e5304cb-b199-4789-92d9-7e85afa82522","public_job_posting","reviewed_for_gap_fill","supports_reporting_researching_and_structuring_timely_public_narratives"
"occ_27_3023_00","jr_02","Jobgether","AI Writer and Journalist","https://jobs.lever.co/jobgether/040f7d3a-16c0-4907-bbda-cc54e8069871","public_job_posting","reviewed_for_gap_fill","supports_fact_pattern_synthesis_clear_explanatory_writing_and_ai_supported_reporting_workflows"
"occ_27_3023_00","jr_03","The Athletic","Live Reporter, NFL","https://jobs.lever.co/theathletic/4c374b4a-5581-4b98-aa50-8d6f0d28b1c6","public_job_posting","reviewed_for_gap_fill","supports_live_reporting_deadline_driven_updates_and_audience_relevant_story_prioritization"
"occ_27_3023_00","jr_04","The Free Press","Senior Investigative Reporter","https://jobs.lever.co/thefp/84d2e90a-b241-4d6e-974e-a77a576989ee","public_job_posting","reviewed_for_gap_fill","supports_deep_source_development_investigations_and_editorial_collaboration"
"occ_27_3031_00","pr_01","Attentive","Senior Communications Manager","https://jobs.lever.co/attentive/bb33dc7e-6da4-4adc-af97-8bc1f8644fec","public_job_posting","reviewed_for_gap_fill","supports_company_messaging_media_strategy_and_executive_communications"
"occ_27_3031_00","pr_02","Inkitt","Public Relations Manager","https://jobs.lever.co/inkitt/681e30d0-b3c8-42ba-9b28-be4e8fad2dcd","public_job_posting","reviewed_for_gap_fill","supports_press_management_launch_comms_and_spokesperson_coordination"
"occ_27_3031_00","pr_03","AHEAD","Public Relations Manager","https://jobs.lever.co/thinkahead/b7e643e4-d7d5-4b20-94d1-4d49e53759d4","public_job_posting","reviewed_for_gap_fill","supports_media_monitoring_issue_response_and_reputation_risk_management"
"occ_27_3031_00","pr_04","VeSync","Senior Public Relations Manager","https://jobs.lever.co/vesync/17ebce14-8878-45c3-9a5b-2c11fd35a664","public_job_posting","reviewed_for_gap_fill","supports_cross_functional_campaigns_product_launches_and_leadership_alignment"
"occ_27_3041_00","ed_01","Future of Life","Editor","https://jobs.lever.co/futureof-life/c7e0c1ee-5aaa-473e-9d18-ba316b6f9d81","public_job_posting","reviewed_for_gap_fill","supports_story_commissioning_structural_editing_and_editorial_package_development"
"occ_27_3041_00","ed_02","The Free Press","Senior Editor","https://api.lever.co/v0/postings/thefp/8841a5dd-f92f-4b50-bb4c-e7d1c91d6aa4?mode=json","public_job_posting","reviewed_for_gap_fill","supports_structural_line_and_copy_editing_with_high_editorial_standards"
"occ_27_3041_00","ed_03","AFAR","Senior Editor, Editorial","https://jobs.lever.co/AfarMedia/19c9e3ab-8aff-48d2-8588-4c18b373fc16","public_job_posting","reviewed_for_gap_fill","supports_editorial_calendar_management_package_prioritization_and_assignment_flow"
"occ_27_3041_00","ed_04","Jobgether","Managing Editor, Learning Solutions","https://jobs.lever.co/jobgether/68e1cac9-bd63-43c4-a2db-a1a04e4c7954","public_job_posting","reviewed_for_gap_fill","supports_design_audience_and_production_collaboration_for_publishing_impact"
"occ_43_9111_00","st_01","Instacart","Data Analyst, Legal Compliance","https://boards.greenhouse.io/instacart/jobs/7536747","public_job_posting","reviewed_for_gap_fill","supports_data_collection_cleaning_reporting_and_compliance_visibility_workflows"
"occ_43_9111_00","st_02","Aurora","Safety Data Analyst","https://boards.greenhouse.io/aurorainnovation/jobs/8296980002","public_job_posting","reviewed_for_gap_fill","supports_dashboarding_kpi_monitoring_and_safety_performance_analysis"
"occ_43_9111_00","st_03","Samsara","Senior Customer Success Quality Analyst","https://boards.greenhouse.io/samsara/jobs/7373807","public_job_posting","reviewed_for_gap_fill","supports_quality_monitoring_systems_compliance_checks_and_process_improvement"
"occ_43_9111_00","st_04","Figma","People Analyst","https://boards.greenhouse.io/figma/jobs/5737300004","public_job_posting","reviewed_for_gap_fill","supports_stakeholder_analysis_forecasting_and_anomaly_detection_for_operational_decisions"
"occ_43_3031_00","bk_01","Empire State Realty Trust","Accounts Payable Specialist","https://jobs.lever.co/esrtreit/b9ee8574-ae7f-4f2f-8ddc-5fa50dde9c72","public_job_posting","reviewed_for_gap_fill","supports_invoice_processing_coding_and_multi_entity_ap_accuracy"
"occ_43_3031_00","bk_02","Solar Landscape","Accounts Payable Specialist","https://jobs.lever.co/solarlandscape/09e82e2b-f8e7-4225-9591-0cfe16b56e1e","public_job_posting","reviewed_for_gap_fill","supports_vendor_reconciliation_approval_workflows_and_ap_cycle_control"
"occ_43_3031_00","bk_03","Promethean","Specialist II, Accounts Payable","https://jobs.lever.co/prometheanworld/f3e69ad6-19ca-494d-bacd-388094bf75a5","public_job_posting","reviewed_for_gap_fill","supports_payment_runs_expense_audit_and_close_readiness"
"occ_43_3031_00","bk_04","Gridware","Payroll & AP Operations Specialist","https://jobs.lever.co/gridware/f05d7d94-0525-44d1-aa1e-fa105ca32cd0","public_job_posting","reviewed_for_gap_fill","supports_vendor_records_subledger_reconciliation_and_internal_stakeholder_follow_through"
"occ_43_9061_00","oc_01","August Bioservices","Office Coordinator","https://jobs.lever.co/AugustBioservices/0cd9771b-47f8-444f-9dae-a17e1226df74","public_job_posting","reviewed_for_gap_fill","supports_front_desk_visitor_handling_and_day_to_day_office_routing"
"occ_43_9061_00","oc_02","Valinor","Office Admin","https://jobs.lever.co/valinor/80aabcd7-095d-4e48-94ca-5cdae4a42e12","public_job_posting","reviewed_for_gap_fill","supports_vendor_facilities_and_internal_request_coordination"
"occ_43_9061_00","oc_03","Coates Group","Office Coordinator","https://jobs.lever.co/coatesgroup/73e5a92b-3811-467c-8da7-94c806933ac9","public_job_posting","reviewed_for_gap_fill","supports_office_events_onboarding_and_internal_communications"
"occ_43_9061_00","oc_04","Centuria","Administrative Assistant","https://jobs.lever.co/centuria/450e6928-3dce-4b2a-923d-14ac9ee70c90","public_job_posting","reviewed_for_gap_fill","supports_recordkeeping_reports_time_attendance_and_routine_admin_requests"
"occ_43_6014_00","adm_01","HCVT","Administrative Assistant","https://jobs.lever.co/hcvt/37f4cd45-5594-4c7e-b46f-ea11306c3d2c","public_job_posting","reviewed_for_gap_fill","supports_calendar_travel_and_partner_support_with_confidential_handling"
"occ_43_6014_00","adm_02","Stand Together","Senior Administrative Assistant, Strategic Partnerships","https://jobs.lever.co/standtogether/8ab01976-3946-4e86-97c3-f87ff9ccf172","public_job_posting","reviewed_for_gap_fill","supports_multi_principal_coordination_meeting_preparation_and_operational_follow_up"
"occ_43_6014_00","adm_03","Lessen","Senior Administrative Assistant","https://jobs.lever.co/lessen/340d28dc-5c56-422b-ab3c-646b680f9540","public_job_posting","reviewed_for_gap_fill","supports_executive_support_and_office_functioning_through_workflow_administration"
"occ_43_6014_00","adm_04","SAIT","Administrative Assistant","https://jobs.lever.co/sait/893f4b4c-749e-4235-8e9e-612a985c3a99","public_job_posting","reviewed_for_gap_fill","supports_confidential_records_minutes_and_service_oriented_team_administration"
"occ_43_6011_00","ea_01","Sonatype","Executive/Administrative Assistant","https://jobs.lever.co/sonatype/fd7f1d78-42fa-4330-98d3-e0fb6c587baf","public_job_posting","reviewed_for_gap_fill","supports_ceo_level_calendar_communications_and_operational_partner_work"
"occ_43_6011_00","ea_02","KIND","Executive Administrative Assistant","https://jobs.lever.co/supportkind/686ff7d3-4771-4ffc-bb24-4d484370748a","public_job_posting","reviewed_for_gap_fill","supports_executive_office_coordination_event_support_and_sensitive_stakeholder_interaction"
"occ_43_6011_00","ea_03","e.l.f. Beauty","Executive Assistant","https://jobs.lever.co/elfbeauty/3ba0b07b-a0a4-40cd-b617-3575c3444f08","public_job_posting","reviewed_for_gap_fill","supports_board_coordination_cross_functional_visibility_and_high_discretion_support"
"occ_43_6011_00","ea_04","Filevine","Executive Assistant to the CMO","https://jobs.lever.co/filevine/aef2dd52-210b-46f9-95d3-b247cd4a0131","public_job_posting","reviewed_for_gap_fill","supports_strategic_extension_of_leadership_through_action_tracking_and_operational_alignment"
"occ_11_3031_00","fm_01","Curri","Financial Manager, FP&A","https://jobs.lever.co/curri/5ed5d4b7-fc0c-41ff-b91f-7676b162d9b9","public_job_posting","reviewed_for_gap_fill","supports_budgeting_forecasting_variance_analysis_and_executive_finance_partnership"
"occ_11_3031_00","fm_02","Aleph","Finance Manager (Reporting and Compliance Team) - APAC","https://jobs.lever.co/aleph/817e2f25-995c-486f-9068-784d0bb7a933","public_job_posting","reviewed_for_gap_fill","supports_reporting_compliance_audits_and_financial_control_work"
"occ_11_3031_00","fm_03","Paytm","Business Finance - Process Re-Engineering","https://jobs.lever.co/paytm/c67a41ca-812b-40f8-a544-91e87ee31d1a","public_job_posting","reviewed_for_gap_fill","supports_finance_process_design_control_standardization_and_scaling"
"occ_15_1232_00","its_01","Regard","IT Support Specialist","https://jobs.lever.co/Regard/7eed12a2-3c1f-4212-91ec-448146209bf5?lever-source%5B%5D=jobs.tenoneten.net","public_job_posting","reviewed_for_gap_fill","supports_end_user_troubleshooting_device_setup_and_cross_tool_support"
"occ_15_1232_00","its_02","Xsolla","Technical Support Specialist","https://jobs.lever.co/xsolla/f3f1fd7b-65eb-4245-9f9b-ef332f832def?lever-source=Indeed","public_job_posting","reviewed_for_gap_fill","supports_on_site_and_remote_it_support_asset_procurement_and_documentation"
"occ_15_1232_00","its_03","Ridgeline","Senior IT Support Specialist","https://boards.greenhouse.io/embed/job_app?token=6688296003","public_job_posting","reviewed_for_gap_fill","supports_system_administration_identity_provisioning_and_support_workflow_improvement"
"occ_13_1023_00","proc_01","Last Energy","Procurement Specialist","https://jobs.lever.co/last-energy/799a912f-2096-4bdb-9589-3bcae79dccba","public_job_posting","reviewed_for_gap_fill","supports_purchase_records_internal_requirement_intake_and_process_improvement"
"occ_13_1023_00","proc_02","Neko Health","IT Procurement Specialist","https://jobs.lever.co/nekohealth/4a2c60a6-42ef-4a34-9c90-78fcd44a20c2","public_job_posting","reviewed_for_gap_fill","supports_vendor_slas_cycle_time_dashboards_and_policy_compliance"
"occ_13_1023_00","proc_03","Achievers","Procurement Specialist","https://jobs.lever.co/achievers/5d2d527d-fc92-4927-9ca0-9ef383124d31","public_job_posting","reviewed_for_gap_fill","supports_vendor_management_purchase_orders_and_procurement_issue_resolution"
"occ_13_1031_00","clm_01","Reserv","Cargo Claims Adjuster","https://boards.greenhouse.io/embed/job_app?token=4742699008","public_job_posting","reviewed_for_gap_fill","supports_customer_claim_intake_coverage_review_and_adjuster_problem_solving"
"occ_13_1031_00","clm_02","Applied Underwriters","Commercial Claims Adjuster","https://jobs.lever.co/auw/68fee0f1-e03f-43b6-ab15-730332e616d7","public_job_posting","reviewed_for_gap_fill","supports_claim_resolution_internal_external_coordination_and_policy_guideline_application"
"occ_13_1031_00","clm_03","Berkshire Hathaway Homestate Companies","Senior Claims Adjuster - Workers Compensation","https://jobs.lever.co/bhhc/6db13642-6409-402a-ae59-684767781111","public_job_posting","reviewed_for_gap_fill","supports_legal_notices_filings_and_end_to_end_claim_management"
"occ_11_2022_00","sm_01","HubSpot","Senior Manager, Sales","https://boards.greenhouse.io/embed/job_app?gh_src=240b46771&token=5831802","public_job_posting","reviewed_for_gap_fill","supports_sales_team_coaching_kpi_management_and_cross_functional_advancement"
"occ_11_2022_00","sm_02","B-Stock","Sales Manager","https://boards.greenhouse.io/embed/job_app?token=5619110004","public_job_posting","reviewed_for_gap_fill","supports_revenue_funnel_ownership_strategy_and_account_executive_management"
"occ_11_2022_00","sm_03","Public","Sales Manager, High Net Worth","https://boards.greenhouse.io/embed/job_app?token=6629422003","public_job_posting","reviewed_for_gap_fill","supports_client_acquisition_process_buildout_and_regulated_sales_execution"
"occ_15_1212_00","isa_01","Xpansiv","Information Security Analyst","https://jobs.lever.co/Xpansiv%20/6652760b-5fda-44dc-a3e6-2d853886bdf8","public_job_posting","reviewed_for_gap_fill","supports_security_monitoring_incident_response_and_risk_remediation"
"occ_15_1212_00","isa_02","Pano AI","Senior Security Analyst","https://jobs.lever.co/pano/1b8a00d7-12bf-41d3-836b-7cc4ff4b645c","public_job_posting","reviewed_for_gap_fill","supports_security_program_design_compliance_alignment_and_cross_functional_control_work"
"occ_15_1212_00","isa_03","ERG","Security Analyst","https://jobs.lever.co/erg/160089f5-7ccc-4ab1-8ae4-507b3676308c","public_job_posting","reviewed_for_gap_fill","supports_vulnerability_assessment_security_audits_and_policy_maintenance"
"occ_11_3021_00","itm_01","Lendbuzz","Senior IT Manager","https://jobs.lever.co/lendbuzz/97053467-b569-4c62-b6fc-2c36d5b05e15","public_job_posting","reviewed_for_gap_fill","supports_it_strategy_budget_vendor_management_and_service_governance"
"occ_11_3021_00","itm_02","TKDA","Information Technology (IT) Manager","https://jobs.lever.co/tkda/194b5163-339b-4dc1-ac22-5a9a767ec99c","public_job_posting","reviewed_for_gap_fill","supports_team_leadership_infrastructure_management_and_enterprise_it_planning"
"occ_11_3021_00","itm_03","C12 Quantum Electronics","IT Manager","https://jobs.lever.co/c12qe/9656afb1-fc0f-4137-8cfb-e403ca898267","public_job_posting","reviewed_for_gap_fill","supports_endpoint_identity_network_security_and_operational_it_ownership"
"occ_13_2072_00","lo_01","RenoFi","Loan Officer","https://jobs.lever.co/renofi/7a2fc1fe-9854-454d-b39e-60e211c7949c","public_job_posting","reviewed_for_gap_fill","supports_borrower_consultation_product_matching_and_pipeline_management"
"occ_13_2072_00","lo_02","GoodLeap","Senior Loan Officer, Mortgage","https://jobs.lever.co/goodleap/4d84b823-345e-408f-96f6-fde52b3fd9b4","public_job_posting","reviewed_for_gap_fill","supports_home_loan_origination_customer_experience_and_sales_conversion"
"occ_13_2072_00","lo_03","Better","Licensed Loan Officer - Texas","https://jobs.lever.co/better/13e5da2e-4351-4c2d-9020-fe041ffaea77","public_job_posting","reviewed_for_gap_fill","supports_pipeline_ownership_regulated_loan_execution_and_digital_mortgage_workflows"
"occ_43_3021_00","bil_01","Sonar","Billing Operations Specialist","https://jobs.lever.co/sonarsource/294fa7e9-0f14-4ed8-880b-6b165e7b4318","public_job_posting","reviewed_for_gap_fill","supports_high_volume_order_processing_invoice_control_and_revenue_integrity"
"occ_43_3021_00","bil_02","Sign In Solutions","Revenue & Billing Specialist","https://jobs.lever.co/signinsolutions/9eb4b117-7224-46b6-9157-71908c3e27b9","public_job_posting","reviewed_for_gap_fill","supports_billing_schedules_cash_application_collections_and_revrec_support"
"occ_43_3021_00","bil_03","Eastern Communications","Billing Specialist","https://jobs.lever.co/eastern-communications/06123d33-0974-41f6-b75c-e754f28f7fed","public_job_posting","reviewed_for_gap_fill","supports_invoice_creation_recordkeeping_error_resolution_and_payment_follow_through"
"occ_17_2051_00","ce_01","TKDA","Professional Civil Engineer, Utilities & Infrastructure Design","https://jobs.lever.co/tkda/bda34db3-dd97-4b15-8f87-f38d7066b81e","public_job_posting","reviewed_for_gap_fill","supports_utility_and_site_design_project_management_and_qaqc_work"
"occ_17_2051_00","ce_02","Foth","Civil Engineer- Transportation Design","https://jobs.lever.co/foth/42de5dc1-688e-4633-b2ec-b0ace61061be","public_job_posting","reviewed_for_gap_fill","supports_transportation_design_feasibility_reporting_and_construction_administration"
"occ_17_2051_00","ce_03","Milhouse Engineering and Construction, Inc.","Civil Engineer III/IV","https://jobs.lever.co/milhouseinc/aea5fa9a-4187-42ac-bb70-b38321c3d61f","public_job_posting","reviewed_for_gap_fill","supports_roadway_design_multidisciplinary_coordination_and_client_delivery"
"occ_13_1051_00","est_01","Stanley Consultants","Cost Estimator","https://jobs.lever.co/stanleygroup/7ab7f4cc-4314-4d95-8f9e-80d6a419bc09","public_job_posting","reviewed_for_gap_fill","supports_quantity_takeoffs_historical_cost_tracking_and_engineers_estimate_packages"
"occ_13_1051_00","est_02","Wade Trim","Construction Cost Estimator - #2715.36","https://jobs.lever.co/wadetrim/85e2ebce-f4c6-46f3-9776-38130c632139","public_job_posting","reviewed_for_gap_fill","supports_constructability_review_estimate_process_improvement_and_technical_guidance"
"occ_13_1051_00","est_03","Procon Consulting","Senior Construction Cost Estimator - Federal Sector","https://jobs.lever.co/proconconsulting/edf055c5-6401-4e02-b959-0bc712e096ca","public_job_posting","reviewed_for_gap_fill","supports_quantity_pricing_variance_tracking_and_subcontractor_coverage_analysis"
"occ_43_4131_00","lcl_01","Banner Bank","Consumer & Small Business Loan Processor II (Remote - WA, ID, OR, CA)","https://jobs.lever.co/bannerbank/646e18c8-51a2-4607-b56e-0fc68230e6c5","public_job_posting","reviewed_for_gap_fill","supports_loan_file_management_document_review_and_condition_clearing"
"occ_43_4131_00","lcl_02","Better","Loan Processor - Texas","https://jobs.lever.co/better/787363ed-5601-44d4-bc2d-cf77da4a7a13","public_job_posting","reviewed_for_gap_fill","supports_mortgage_processing_system_updates_and_regulated_document_completion"
"occ_43_4131_00","lcl_03","Wealthfront","Loan Processor","https://jobs.lever.co/wealthfront/7b2730f5-dd6e-4458-b42f-c8d8937c0e25","public_job_posting","reviewed_for_gap_fill","supports_client_guidance_operational_liaison_work_and_reasonableness_review"
"occ_43_4171_00","rec_01","Vevo","Front Office Coordinator","https://jobs.lever.co/vevo/9222fbda-4c28-4c4c-893d-c51232f35378/","public_job_posting","reviewed_for_gap_fill","supports_front_desk_visitor_handling_workplace_requests_and_office_event_logistics"
"occ_43_4171_00","rec_02","Saronic","Receptionist","https://jobs.lever.co/saronic/5d7c9ce7-5c12-400c-850f-6c1d6245159f","public_job_posting","reviewed_for_gap_fill","supports_lobby_operations_request_triage_and_cross_team_workplace_coordination"
"occ_43_4171_00","rec_03","Veeva Systems","Front Office Coordinator","https://jobs.lever.co/veeva/2c067cf7-f95b-4c00-8eb9-35bdee32da2e","public_job_posting","reviewed_for_gap_fill","supports_mail_inventory_facilities_requests_and_guest_service_work"
"occ_11_9041_00","aem_01","NextDecade","Director, Facilities Engineering","https://jobs.lever.co/next-decade/80f8a3d5-e630-4f8b-9bac-77ff539a9a27","public_job_posting","reviewed_for_gap_fill","supports_engineering_team_leadership_asset_integrity_and_long_horizon_priority_setting"
"occ_11_9041_00","aem_02","Innophos","Engineering Manager","https://jobs.lever.co/innophos/311a3a36-52c4-4721-9d91-43a0a5e5f130","public_job_posting","reviewed_for_gap_fill","supports_equipment_and_facility_improvement_cross_functional_process_alignment_and_people_management"
"occ_11_9041_00","aem_03","ABM Industries","Facilities Manager","https://jobs.lever.co/ableserve/9fc0ca5e-0048-49a0-a34d-092028d88a0a","public_job_posting","reviewed_for_gap_fill","supports_facilities_engineering_operations_supervision_and_risk_mitigation"
"occ_41_3021_00","ins_01","Redwood Credit Union","Personal Lines Agent (Sonoma/Napa)","https://jobs.lever.co/redwoodcu/e8991f61-e592-49a6-b2e5-705a892dbb8a","public_job_posting","reviewed_for_gap_fill","supports_coverage_advice_policy_sales_renewals_and_member_follow_up"
"occ_41_3021_00","ins_02","1840 & Company","Licensed P&C Commercial Insurance Producer","https://jobs.lever.co/1840%26Company/bac6dc6a-9ba1-40fe-9f38-2241f8c7d038","public_job_posting","reviewed_for_gap_fill","supports_inbound_lead_conversion_commercial_policy_sales_and_target_tracking"
"occ_41_3021_00","ins_03","AO Garcia Agency","Life Insurance Agent (Licensed) - Fully Remote, Modern Sales System","https://jobs.lever.co/aogarciaagency/6a2900b4-28e4-45f7-a9b1-f6ece95fc4c1","public_job_posting","reviewed_for_gap_fill","supports_remote_lead_follow_up_life_policy_closing_and_crm_supported_sales_work"
"occ_11_2021_00","mmgr_01","CareMessage","Marketing Manager, Growth & Lifecycle (B2B)","https://jobs.lever.co/caremessage/9854d0ff-3008-4222-8aea-22d49b804105","public_job_posting","reviewed_for_gap_fill","supports_lifecycle_campaign_execution_content_operations_and_cross_functional_marketing_alignment"
"occ_11_2021_00","mmgr_02","Viamericas","Marketing Manager","https://jobs.lever.co/viamericas/ae1d599b-d4de-47ef-b87c-6f70f82b2707","public_job_posting","reviewed_for_gap_fill","supports_field_marketing_team_leadership_brand_programs_and_performance_tracking"
"occ_11_2021_00","mmgr_03","Incorta","Growth Marketing Manager (B2B SaaS)","https://jobs.lever.co/incorta/ed14bd44-bff8-4abd-bcd9-7e38825a4ad8","public_job_posting","reviewed_for_gap_fill","supports_demand_generation_experimentation_funnel_optimization_and_partner_marketing"
"occ_15_1244_00","nsa_01","Orca Bio","IT Systems Administrator","https://jobs.lever.co/orcabiosystems/c230318c-ee27-4967-ac0f-f07aaa7712e5","public_job_posting","reviewed_for_gap_fill","supports_infrastructure_deployment_patch_management_monitoring_and_cross_functional_it_support"
"occ_15_1244_00","nsa_02","Recast Software","IT Systems Administrator","https://jobs.lever.co/recast-software/583ea14f-3d56-46aa-b81c-1d6654001f37","public_job_posting","reviewed_for_gap_fill","supports_office365_admin_security_triage_asset_management_and_employee_lifecycle_work"
"occ_15_1244_00","nsa_03","Kitware","Systems Administrator","https://jobs.lever.co/kitware/939ed986-ea6a-4456-8f64-8e61901a1efe","public_job_posting","reviewed_for_gap_fill","supports_server_virtualization_backup_and_end_user_platform_support"
"occ_15_1253_00","qa_01","VR Systems, Inc","Software QA Analyst","https://jobs.lever.co/VRsystems/5fd4e989-5f81-49ef-9df1-eb5a68ea30e0","public_job_posting","reviewed_for_gap_fill","supports_requirement_interpretation_test_validation_and_release_quality_safeguards"
"occ_15_1253_00","qa_02","Super.com","QA Analyst II","https://jobs.lever.co/super-com/8f73d67e-b7b9-41e8-a9ce-23ee39fbb4ef","public_job_posting","reviewed_for_gap_fill","supports_agile_test_execution_scenario_design_and_automation_collaboration"
"occ_15_1253_00","qa_03","Tala","Senior QA Engineer","https://jobs.lever.co/tala/6f6d2a13-bb3c-48ff-a073-9255a97e0acd","public_job_posting","reviewed_for_gap_fill","supports_regression_testing_release_readiness_and_data_or_business_logic_validation"
"occ_11_9141_00","prop_01","CIM Group, LP","Senior Property Manager (Residential)","https://jobs.lever.co/cimgroup/1e3c05cb-6cb5-4bfa-b701-13bcb8b8dd14","public_job_posting","reviewed_for_gap_fill","supports_property_operations_resident_satisfaction_budget_goals_and_team_leadership"
"occ_11_9141_00","prop_02","Beedie","Property Manager","https://jobs.lever.co/beedie/433d73c7-b3c7-43c2-b044-ceb77e9417de","public_job_posting","reviewed_for_gap_fill","supports_tenant_relations_budget_reporting_and_property_operations_execution"
"occ_11_9141_00","prop_03","Marshall Reddick Real Estate","Property Manager","https://jobs.lever.co/marshallreddick/6cdbeb17-7940-43b8-9a52-36125062dd1f","public_job_posting","reviewed_for_gap_fill","supports_lease_paperwork_vendor_management_screening_and_client_satisfaction"
"occ_43_9041_00","cpc_01","Sana Benefits","Claims Processor","https://jobs.lever.co/sanabenefits/117a9f33-f8d4-4a36-8dfe-513d96e59acf","public_job_posting","reviewed_for_gap_fill","supports_claim_adjudication_processing_quota_management_and_issue_resolution"
"occ_43_9041_00","cpc_02","HDVI","Claims Support Associate","https://jobs.lever.co/HDVI/cb110acc-a364-47f1-a430-f8bd3c1cc34f","public_job_posting","reviewed_for_gap_fill","supports_claims_email_indexing_examiner_support_and_workflow_tasking"
"occ_43_9041_00","cpc_03","Protective","Life Insurance Claims Specialist","https://jobs.lever.co/protective/a28f66bb-f9c7-4bd3-b2ce-af4c690e5a49","public_job_posting","reviewed_for_gap_fill","supports_claim_intake_document_review_beneficiary_communication_and_payment_follow_through"
"occ_11_3121_00","hrm_01","CALSTART","Human Resources Manager (Contract)","https://jobs.lever.co/calstart/d1b58f3d-253e-4e52-8976-5df346f1befd","public_job_posting","reviewed_for_gap_fill","supports_hr_operations_compliance_hris_workforce_planning_and_people_process_execution"
"occ_11_3121_00","hrm_02","Pathpoint","People Operations (HR) Manager","https://jobs.lever.co/pathpoint/e334c7b4-d065-4005-b3d8-42fccb683d8c","public_job_posting","reviewed_for_gap_fill","supports_people_process_standardization_manager_partnership_and_policy_architecture"
"occ_11_3121_00","hrm_03","Zeeco","Human Resources Manager","https://jobs.lever.co/zeeco/7ab5ee07-5b32-441a-a4f6-1ba832d4f403","public_job_posting","reviewed_for_gap_fill","supports_employee_relations_investigations_legal_compliance_and_policy_updates"
"occ_13_2052_00","pfa_01","SageView Advisory Group","Wealth Advisor","https://jobs.lever.co/sageviewadvisory/e8fbaae7-c5c5-4170-b4a2-3a4aa4f93830","public_job_posting","reviewed_for_gap_fill","supports_client_wealth_planning_relationship_management_and_complex_financial_strategy"
"occ_13_2052_00","pfa_02","Aprio","Senior Wealth Advisor","https://jobs.lever.co/Aprio/016d4ee9-9471-422a-b24e-89e441bab4bb","public_job_posting","reviewed_for_gap_fill","supports_high_net_worth_advice_tax_planning_and_investment_management_coordination"
"occ_13_2052_00","pfa_03","NASA Federal Credit Union","Financial Advisor","https://jobs.lever.co/nasafcu/a363702d-bf5e-49e4-a017-1b91a3e20f26","public_job_posting","reviewed_for_gap_fill","supports_member_advisory_service_sales_goal_execution_and_regulated_financial_guidance"
"occ_17_2071_00","elec_01","Deep Sky","Electrical Engineer - R&D Team","https://jobs.lever.co/deepsky/163bcbc9-bfbe-4728-b240-08e3ee56568f","public_job_posting","reviewed_for_gap_fill","supports_electrical_system_design_prototyping_integration_and_root_cause_improvement"
"occ_17_2071_00","elec_02","Rainmaker Technology Corporation","Lead Electrical Engineer","https://jobs.lever.co/make-rain/463f4a20-dad5-4122-bd8b-02e13f872405","public_job_posting","reviewed_for_gap_fill","supports_uas_electrical_design_system_reliability_and_multidisciplinary_delivery"
"occ_17_2071_00","elec_03","Jobgether","Senior Electrical Engineer (Remote)","https://jobs.lever.co/jobgether/ff01e68c-a6f6-469c-8061-9654c427c5ae","public_job_posting","reviewed_for_gap_fill","supports_power_system_architecture_validation_and_production_support"
"occ_17_2112_00","ind_01","Saronic","Industrial Engineer","https://jobs.lever.co/saronic/e7fc119b-e6ff-4124-97fd-329ff4bb52e8","public_job_posting","reviewed_for_gap_fill","supports_material_flow_optimization_lean_manufacturing_and_cross_team_process_design"
"occ_17_2112_00","ind_02","Penumbra","Industiral Engineer I","https://jobs.lever.co/penumbrainc/77f45893-a915-4ec8-b332-eef39bfc71a2","public_job_posting","reviewed_for_gap_fill","supports_time_studies_layout_improvement_and_efficiency_quality_analysis"
"occ_17_2112_00","ind_03","ERG","Supply Chain Analyst/Industrial Engineer","https://jobs.lever.co/erg/5705e1f9-8ed3-4da9-8a25-8defa70ac117","public_job_posting","reviewed_for_gap_fill","supports_process_improvement_quality_safety_and_multieffort_operational_execution"
"occ_43_1011_00","oas_01","Field AI","Office Manager - Boston Location","https://jobs.lever.co/field-ai/f297171b-a689-417a-92d3-b1c5631d4dc0","public_job_posting","reviewed_for_gap_fill","supports_admin_operations_workflow_streamlining_and_staff_vendor_liaison_work"
"occ_43_1011_00","oas_02","Portage Point Partners","Office Manager","https://jobs.lever.co/portagepointpartners/63ab7b13-c4c8-419d-b7e6-49b21ebdf651","public_job_posting","reviewed_for_gap_fill","supports_daily_office_operations_vendor_management_and_team_or_culture_support"
"occ_43_1011_00","oas_03","Hive","Office Manager","https://jobs.lever.co/hive/1624ed08-f492-40a6-9751-35b546762bdb","public_job_posting","reviewed_for_gap_fill","supports_office_process_ownership_environment_management_and_internal_service_coordination"
"occ_11_3071_00","tsdm_01","Brooks Running","Manager, Transportation EMEA","https://jobs.lever.co/brooksrunning/f7814fc7-d205-4d96-adb6-e2bb9e2a62aa","public_job_posting","reviewed_for_gap_fill","supports_transport_strategy_carrier_management_budget_ownership_and_team_leadership"
"occ_11_3071_00","tsdm_02","US Mobile","Logistics Manager","https://jobs.lever.co/USMobile/8aa34717-6071-4d23-b33a-4cb7d106fcb7","public_job_posting","reviewed_for_gap_fill","supports_supply_chain_coordination_inventory_transportation_and_performance_management"
"occ_11_3071_00","tsdm_03","American Battery Technology Company","Logistics Manager","https://jobs.lever.co/batterymetals/51503efa-9bc5-400e-9682-0abf2b59d1ec","public_job_posting","reviewed_for_gap_fill","supports_freight_booking_3pl_coordination_regulatory_compliance_and_provider_relationships"
"occ_15_1241_00","neta_01","Pattern","Network Architect","https://jobs.lever.co/pattern/570e9510-f1d1-4d8e-919d-4cb2a43530ba","public_job_posting","reviewed_for_gap_fill","supports_global_network_architecture_design_vendor_management_and_operational_standards"
"occ_15_1241_00","neta_02","Brillio","Network Architect - R01557220","https://jobs.lever.co/brillio-2/6f425e54-8e30-40aa-82be-8590ce431020","public_job_posting","reviewed_for_gap_fill","supports_network_standardization_cloud_connectivity_and_merger_or_onboarding_design_work"
"occ_15_1241_00","neta_03","CoreWeave","HPC Network Architect","https://boards.greenhouse.io/embed/job_app?token=4579499006","public_job_posting","reviewed_for_gap_fill","supports_high_performance_network_design_project_documentation_and_technical_delivery"
"occ_41_3031_00","fss_01","Callan","Investment Consultant, Atlanta","https://jobs.lever.co/callan/95628dfc-39ad-4288-8590-f4807c5c7a86","public_job_posting","reviewed_for_gap_fill","supports_client_relationship_management_investment_recommendations_and_business_development"
"occ_41_3031_00","fss_02","North Star Resource Group","Financial Consultant - Austin, TX","https://boards.greenhouse.io/embed/job_app?token=8104722002","public_job_posting","reviewed_for_gap_fill","supports_financial_product_sales_client_prospecting_and_advisory_conversion_work"
"occ_41_3031_00","fss_03","Mercer Advisors","Regional Vice President, Channel (Nashville)","https://boards.greenhouse.io/embed/job_app?token=4758213008","public_job_posting","reviewed_for_gap_fill","supports_partner_channel_financial_services_sales_pipeline_growth_and_relationship_expansion"
"occ_41_4011_00","tsr_01","VGS","Technical Sales Representative","https://jobs.lever.co/verygoodsecurity/4f52e36e-ab8a-4e0d-830d-5b80c9b95bca","public_job_posting","reviewed_for_gap_fill","supports_technical_product_sales_customer_discovery_and_crossfunctional_solutioning"
"occ_41_4011_00","tsr_02","Highspot","Solutions Consultant - Remote","https://jobs.lever.co/highspot/2ae81874-a34c-42a9-a14f-41243b7018fe","public_job_posting","reviewed_for_gap_fill","supports_demo_led_technical_selling_workshops_and_sales_cycle_progression"
"occ_41_4011_00","tsr_03","Hyperscience","Sales Engineer - (West or Central)","https://jobs.lever.co/hyperscience/76c67146-c166-4e5b-9246-e6f746dd77d9","public_job_posting","reviewed_for_gap_fill","supports_solution_presentation_technical_validation_and_pre_sales_coordination"
"occ_43_4031_00","clerk_01","Village of Horseheads","Part-Time Court Clerk","https://www.horseheads.org/court/page/job-opening-part-time-court-clerk","public_job_posting","reviewed_for_gap_fill","supports_court_calendar_management_case_records_and_public_counter_or_phone_work"
"occ_43_4031_00","clerk_02","36th District Court","Courtroom Clerk","https://www.36thdistrictcourtmi.gov/docs/default-source/human-resources/career-opportunities/courtroom-clerk-job-announcement.pdf","public_job_posting","reviewed_for_gap_fill","supports_docket_control_proceeding_scheduling_and_official_case_record_maintenance"
"occ_43_4031_00","clerk_03","City of Hackensack","Municipal Clerk","https://www.hackensack.org/jobs/municipal-clerk/","public_job_posting","reviewed_for_gap_fill","supports_agendas_minutes_licenses_permits_and_public_record_custodianship"
"occ_15_1212_00","isa2_01","e.l.f. Beauty","IT Security Analyst","https://jobs.lever.co/elfbeauty/f11fdcb2-609b-4e1c-badb-3b493e3f5bb2","public_job_posting","reviewed_for_gap_fill","supports_security_event_response_network_policy_enforcement_and_cross_system_operations"
"occ_15_1212_00","isa2_02","Atmosera","Information Security Analyst (Remote)","https://jobs.lever.co/atmosera/26a08d11-ac95-4d48-84be-f9c9c4abbb78","public_job_posting","reviewed_for_gap_fill","supports_managed_security_monitoring_governance_services_and_risk_reporting"
"occ_15_1212_00","isa2_03","Galvanick","Threat Hunter / Security Analyst","https://jobs.lever.co/galvanick/66d633a8-8451-40fd-ab67-86a02b51e951","public_job_posting","reviewed_for_gap_fill","supports_threat_hunting_detection_logic_and_security_investigation_work"
"occ_13_1051_00","est2_01","SpawGlass","Preconstruction Estimator","https://jobs.lever.co/spawglass/ec32777b-81fb-4e0c-96c7-027136f13909","public_job_posting","reviewed_for_gap_fill","supports_quantity_takeoffs_scope_analysis_and_bid_execution_with_subcontractor_coverage"
"occ_13_1051_00","est2_02","Flow","Construction Estimator","https://jobs.lever.co/flowlife/b3455ff3-8a23-49d3-9930-178a0273e1bc","public_job_posting","reviewed_for_gap_fill","supports_bid_comparison_vendor_negotiation_and_budget_schedule_alignment"
"occ_13_1051_00","est2_03","RenoFi","Construction Estimator (Residential Renovations) – Remote, US Only","https://jobs.lever.co/renofi/031e22ec-8c4b-4242-abb1-173772b3aac0","public_job_posting","reviewed_for_gap_fill","supports_scope_validation_budget_protection_and_document_based_estimate_review"
"occ_13_1041_00","co2_01","Nitra","Compliance Officer","https://jobs.lever.co/nitra/8d0c99f6-211f-499b-9453-b4274cd2fe1c","public_job_posting","reviewed_for_gap_fill","supports_policy_buildout_regulatory_guidance_training_and_internal_exam_readiness"
"occ_13_1041_00","co2_02","Superside","Risk and Compliance Officer","https://jobs.lever.co/superside/811809f6-0864-4f25-9136-02ca65f368d9","public_job_posting","reviewed_for_gap_fill","supports_grc_program_ownership_risk_assessment_and_cross_functional_control_alignment"
"occ_13_1041_00","co2_03","Caliza","Compliance Officer & Money Laundering Reporting Officer","https://jobs.lever.co/caliza-financial-technologies/8abe5e30-6de1-4b78-8d4e-fcb88f7a8632","public_job_posting","reviewed_for_gap_fill","supports_aml_program_management_reporting_controls_and_regulatory_interface_work"
"occ_13_1111_00","ma2_01","Hello Neighbor","Strategy & Operations Manager","https://jobs.lever.co/helloneighbor.io/184e4b7d-de20-4106-b744-5ae3625e2ff3","public_job_posting","reviewed_for_gap_fill","supports_crossfunctional_initiatives_operational_effectiveness_and_org_level_process_change"
"occ_13_1111_00","ma2_02","Attentive","Messaging Strategy & Operations Associate","https://jobs.lever.co/attentive/0e61492a-3447-4d17-8377-8ebb19079dbe","public_job_posting","reviewed_for_gap_fill","supports_operational_issue_investigation_dashboard_monitoring_and_partner_coordination"
"occ_13_1111_00","ma2_03","Farfetch","Operations Business Analyst","https://jobs.lever.co/farfetch/4fa19125-f554-4e2e-8341-02ab44ff1a22","public_job_posting","reviewed_for_gap_fill","supports_order_profitability_analysis_process_optimization_and_operational_decision_support"
"occ_15_1232_00","its2_01","Equativ","IT Support Specialist","https://jobs.lever.co/equativ/6aebeeb2-6d74-413d-be9f-228e897bd392","public_job_posting","reviewed_for_gap_fill","supports_multiplatform_support_ticket_triage_process_improvement_and_end_user_enablement"
"occ_15_1232_00","its2_02","Arbol","IT Support Specialist","https://jobs.lever.co/Arbol/015ae171-6d09-4c10-ac5c-3ceb49068507","public_job_posting","reviewed_for_gap_fill","supports_complex_troubleshooting_user_training_inventory_and_infrastructure_change_support"
"occ_15_1232_00","its2_03","Sword Health","IT Support Specialist","https://jobs.lever.co/swordhealth/edede9c4-57c1-4e20-970d-14d72d49e24c","public_job_posting","reviewed_for_gap_fill","supports_remote_support_identity_workflow_device_config_and_knowledge_article_maintenance"
