"occupation_id","function_id","accountability_statement","primary_output","primary_stakeholder","judgment_requirement","trust_requirement","regulatory_liability_weight","human_authority_requirement","bargaining_power_retention","source_mix","source_confidence","notes"
"occ_11_1021_00","fn_occ_11_1021_00_people_resource_leadership","Remain accountable for staffing tradeoffs, team performance, and operating accountability.","Resourced execution and management decisions","Leadership and operating teams","0.8400","0.8800","0.4200","0.8200","0.8000","src_role_function_seed_2026_03|src_role_function_expansion_2026_03","0.8600","reviewed_supplemental_accountability_profile|phase31_gom_guardrail_correction|phase32_gom_push"
"occ_11_1021_00","fn_occ_11_1021_00_primary","Remain accountable for prioritization, performance outcomes, and resource tradeoffs.","Coordinated business execution","Leadership, team, and customer","0.8200","0.8600","0.4200","0.8000","0.7800","src_role_function_seed_2026_03|src_manual_role_graph_review_2026_03","0.8800","reviewed_primary_accountability_profile|phase31_gom_guardrail_correction|phase32_gom_push"
"occ_11_2021_00","fn_occ_11_2021_00_primary","Remain accountable for interpretation quality, message-market fit, and decision usefulness.","Market insight and go-to-market recommendations","Revenue owner, product team, and customer","0.7000","0.6400","0.2800","0.4800","0.7800","src_role_function_seed_2026_03","0.7400","reviewed_primary_accountability_profile|phase31_mgr_barg_correction"
"occ_11_2021_00","fn_occ_11_2021_00_team_budget_orchestration","Remain accountable for execution prioritization, cross-functional alignment, and escalation when marketing plans no longer fit resources.","Coordinated marketing execution and budget direction","Marketing team and revenue leadership","0.7800","0.6800","0.2200","0.6800","0.7400","src_role_function_seed_2026_03|src_role_function_expansion_2026_03","0.8600","reviewed_supplemental_accountability_profile"
"occ_11_2022_00","fn_occ_11_2022_00_primary","Remain accountable for relationship quality, deal judgment, and commercial commitments.","Revenue and account progression","Customer and revenue owner","0.7200","0.8200","0.2600","0.5800","0.8400","src_role_function_seed_2026_03","0.7400","reviewed_primary_accountability_profile|phase31_mgr_barg_correction"
"occ_11_2022_00","fn_occ_11_2022_00_team_commercial_direction","Remain accountable for team direction, commercial judgment, and escalation when pipeline or service issues threaten outcomes.","Manager-level commercial direction and sales priorities","Sales team and revenue leadership","0.8000","0.8400","0.2800","0.7200","0.8200","src_role_function_seed_2026_03|src_role_function_expansion_2026_03","0.8600","reviewed_supplemental_accountability_profile"
"occ_11_3021_00","fn_occ_11_3021_00_portfolio_delivery_leadership","Remain accountable for delivery prioritization, coordination quality, and escalation when portfolios drift off plan.","Sequenced technology delivery and organizational alignment","Leadership and technical teams","0.8000","0.7200","0.4200","0.7200","0.7800","src_role_function_seed_2026_03|src_role_function_expansion_2026_03","0.8600","reviewed_supplemental_accountability_profile"
"occ_11_3021_00","fn_occ_11_3021_00_primary","Remain accountable for technology direction, budget tradeoffs, risk posture, and team performance.","Accountable technology direction and operating oversight","Leadership, users, and technical teams","0.8400","0.7400","0.4600","0.7400","0.8000","src_role_function_seed_2026_03|src_manual_role_graph_review_2026_03","0.8800","reviewed_primary_accountability_profile"
"occ_11_3031_00","fn_occ_11_3031_00_primary","Remain accountable for correctness, financial control, and decision relevance.","Reliable financial records, analysis, and controls","Management, investors, and regulators","0.7400","0.7000","0.6200","0.5800","0.7800","src_role_function_seed_2026_03","0.7400","reviewed_primary_accountability_profile|phase31_mgr_barg_correction"
"occ_11_3031_00","fn_occ_11_3031_00_resource_allocation_leadership","Remain accountable for capital prioritization, operating tradeoffs, and escalation when financial risk changes the plan.","Budget, capital, and resource-allocation decisions","Leadership and operating owners","0.8200","0.7200","0.6000","0.7400","0.7800","src_role_function_seed_2026_03|src_role_function_expansion_2026_03","0.8600","reviewed_supplemental_accountability_profile"
"occ_11_3071_00","fn_occ_11_3071_00_distribution_network_leadership","Remain accountable for network continuity, escalation quality, and tradeoffs between service, cost, and capacity.","Manager-level distribution continuity and operating direction","Operations leadership and network teams","0.8000","0.6800","0.5000","0.6800","0.7200","src_role_function_seed_2026_03|src_role_function_expansion_2026_03","0.8600","reviewed_supplemental_accountability_profile"
"occ_11_3071_00","fn_occ_11_3071_00_primary","Remain accountable for workflow reliability, escalation quality, and control discipline.","Reliable service or operational execution","Internal teams, customers, or leadership","0.6200","0.6400","0.4800","0.5000","0.5800","src_role_function_seed_2026_03","0.7400","reviewed_primary_accountability_profile"
"occ_11_3121_00","fn_occ_11_3121_00_manager_coaching_enablement","Remain accountable for coaching quality, escalation judgment, and alignment between policy and real manager behavior.","Context-sensitive manager guidance and escalations","Managers and employees","0.8000","0.8400","0.6600","0.5800","0.7200","src_role_function_seed_2026_03|src_role_function_expansion_2026_03","0.8600","reviewed_supplemental_accountability_profile"
"occ_11_3121_00","fn_occ_11_3121_00_primary","Remain accountable for policy interpretation, manager guidance, escalation quality, and people-risk governance.","Accountable people policy and workforce decisions","Leadership, managers, and employees","0.8200","0.8400","0.7200","0.7000","0.8400","src_role_function_seed_2026_03|src_manual_role_graph_review_2026_03","0.8800","reviewed_primary_accountability_profile|phase31_mgr_barg_correction"
"occ_11_9041_00","fn_occ_11_9041_00_primary","Remain accountable for staffing, delivery quality, technical escalation, and organizational tradeoffs across engineering work.","Accountable engineering direction and team oversight","Leadership, engineers, and customers","0.8200","0.7200","0.4800","0.7600","0.8000","src_role_function_seed_2026_03|src_manual_role_graph_review_2026_03","0.8800","reviewed_primary_accountability_profile"
"occ_11_9041_00","fn_occ_11_9041_00_technical_signoff_stewardship","Remain accountable for sign-off quality, escalation judgment, and technical tradeoffs that affect delivery risk.","Defensible technical sign-off and engineering escalation","Leadership and engineering organization","0.8400","0.7000","0.5400","0.7400","0.8000","src_role_function_seed_2026_03|src_role_function_expansion_2026_03","0.8600","reviewed_supplemental_accountability_profile"
"occ_11_9141_00","fn_occ_11_9141_00_primary","Remain accountable for workflow reliability, escalation quality, and control discipline.","Reliable service or operational execution","Internal teams, customers, or leadership","0.6200","0.6400","0.4800","0.5000","0.5800","src_role_function_seed_2026_03","0.7400","reviewed_primary_accountability_profile"
"occ_11_9141_00","fn_occ_11_9141_00_resident_vendor_stewardship","Remain accountable for stakeholder communication, service continuity, and escalation when site issues become material.","Stable property experience and service continuity","Resident, vendor, and asset owner","0.7200","0.8200","0.4600","0.4600","0.6400","src_role_function_seed_2026_03|src_role_function_expansion_2026_03","0.8600","reviewed_supplemental_accountability_profile"
"occ_13_1023_00","fn_occ_13_1023_00_primary","Remain accountable for supplier judgment, contract fit, and escalation when delivery, price, or compliance risks change.","Defensible sourcing decisions and executed procurement","Internal requestor and supplier base","0.7200","0.7000","0.5600","0.5800","0.6400","src_role_function_seed_2026_03|src_manual_role_graph_review_2026_03","0.8800","reviewed_primary_accountability_profile"
"occ_13_1023_00","fn_occ_13_1023_00_vendor_relationship_stewardship","Remain accountable for vendor judgment, relationship quality, and escalation when suppliers or terms stop fitting operational needs.","Stable supplier relationships and procurement continuity","Internal requestor and supplier base","0.7200","0.7600","0.5000","0.4800","0.6200","src_role_function_seed_2026_03|src_role_function_expansion_2026_03","0.8600","reviewed_supplemental_accountability_profile"
"occ_13_1031_00","fn_occ_13_1031_00_investigation_coordination","Remain accountable for investigation flow, communication quality, and escalation when evidence is incomplete or contested.","Execution-ready investigation flow and documented follow-through","Claimant, carrier, and legal partner","0.7600","0.7800","0.6800","0.5200","0.6400","src_role_function_seed_2026_03|src_role_function_expansion_2026_03","0.8600","reviewed_supplemental_accountability_profile"
"occ_13_1031_00","fn_occ_13_1031_00_primary","Remain accountable for investigative judgment, settlement quality, and escalation of contested or high-risk claims.","Defensible claim decisions and documented resolutions","Claimant, carrier, and legal partner","0.7800","0.7800","0.7000","0.6000","0.6800","src_role_function_seed_2026_03|src_manual_role_graph_review_2026_03","0.8800","reviewed_primary_accountability_profile"
"occ_13_1041_00","fn_occ_13_1041_00_control_enablement","Remain accountable for implementation clarity, control usability, and escalation of higher-risk issues.","Workable control processes and escalations","Operating teams and leadership","0.7600","0.7400","0.7000","0.5800","0.6400","src_role_function_seed_2026_03|src_role_function_expansion_2026_03","0.8600","reviewed_supplemental_accountability_profile"
"occ_13_1041_00","fn_occ_13_1041_00_primary","Remain accountable for control adequacy, escalation of material issues, and compliance interpretation.","Defensible compliance decisions and control evidence","Leadership, regulator, and operating team","0.8400","0.8000","0.7800","0.7000","0.7600","src_role_function_seed_2026_03|src_manual_role_graph_review_2026_03","0.8800","reviewed_primary_accountability_profile"
"occ_13_1051_00","fn_occ_13_1051_00_commercial_coordination","Remain accountable for estimate communication, assumption handoff, and escalation when revisions materially change the commercial picture.","Aligned estimate handoff and commercial follow-through","Project lead and commercial owner","0.7400","0.6600","0.3200","0.4200","0.6000","src_role_function_seed_2026_03|src_role_function_expansion_2026_03","0.8600","reviewed_supplemental_accountability_profile"
"occ_13_1051_00","fn_occ_13_1051_00_primary","Remain accountable for estimate quality, assumption clarity, and escalation when scope or pricing uncertainty changes materially.","Defensible project cost estimates","Project lead and commercial owner","0.7200","0.6600","0.3600","0.5000","0.6200","src_role_function_seed_2026_03|src_manual_role_graph_review_2026_03","0.8800","reviewed_primary_accountability_profile"
"occ_13_1071_00","fn_occ_13_1071_00_people_advisory","Remain accountable for policy interpretation, escalation quality, and context-sensitive people guidance.","Context-sensitive people guidance and escalations","Managers, employees, and HR leadership","0.8000","0.7800","0.4800","0.5800","0.6800","src_role_function_seed_2026_03|src_role_function_expansion_2026_03","0.8600","reviewed_supplemental_accountability_profile"
"occ_13_1071_00","fn_occ_13_1071_00_primary","Remain accountable for fair process, employee context handling, and policy alignment.","Reliable people-process outcomes","Employees and managers","0.6800","0.7600","0.5400","0.5600","0.6600","src_role_function_seed_2026_03","0.7400","reviewed_primary_accountability_profile"
"occ_13_1081_00","fn_occ_13_1081_00_logistics_flow_coordination","Remain accountable for coordination quality, escalation speed, and tradeoffs when supply flow breaks from plan.","Resolved logistics exceptions and coordinated supply flow","Suppliers, carriers, field teams, and operators","0.7400","0.7000","0.3000","0.4800","0.6000","src_role_function_seed_2026_03|src_role_function_expansion_2026_03","0.8600","reviewed_supplemental_accountability_profile"
"occ_13_1081_00","fn_occ_13_1081_00_primary","Remain accountable for workflow reliability, escalation quality, and control discipline.","Reliable service or operational execution","Internal teams, customers, or leadership","0.6200","0.6400","0.4800","0.5000","0.5800","src_role_function_seed_2026_03","0.7400","reviewed_primary_accountability_profile"
"occ_13_1082_00","fn_occ_13_1082_00_primary","Remain accountable for delivery alignment, dependency management, and escalation quality.","Coordinated delivery plans and execution","Leadership, team, and customer","0.8000","0.7400","0.3400","0.6400","0.7400","src_role_function_seed_2026_03|src_manual_role_graph_review_2026_03","0.8800","reviewed_primary_accountability_profile"
"occ_13_1082_00","fn_occ_13_1082_00_stakeholder_alignment","Remain accountable for escalation quality, stakeholder alignment, and real-world delivery tradeoffs.","Aligned stakeholders and resolved delivery tradeoffs","Leadership, team, and customer","0.7800","0.7600","0.2800","0.5800","0.6800","src_role_function_seed_2026_03|src_role_function_expansion_2026_03","0.8600","reviewed_supplemental_accountability_profile"
"occ_13_1111_00","fn_occ_13_1111_00_change_enablement","Remain accountable for implementation realism, stakeholder alignment, and escalation when recommendations break in practice.","Adopted change and aligned implementation","Leadership and operating teams","0.8000","0.7600","0.2600","0.5800","0.6800","src_role_function_seed_2026_03|src_role_function_expansion_2026_03","0.8600","reviewed_supplemental_accountability_profile"
"occ_13_1111_00","fn_occ_13_1111_00_primary","Remain accountable for problem framing, recommendation logic, and expected organizational impact.","Client-ready recommendations and operating-model changes","Client sponsor and leadership","0.8200","0.7400","0.3200","0.6600","0.7600","src_role_function_seed_2026_03|src_manual_role_graph_review_2026_03","0.8800","reviewed_primary_accountability_profile"
"occ_13_1151_00","fn_occ_13_1151_00_learning_delivery_alignment","Remain accountable for release readiness, subject-matter alignment, and escalation when training delivery drifts from workflow reality.","Coordinated training rollout and revision priorities","Product, operations, and enablement teams","0.7200","0.6800","0.2000","0.4200","0.5600","src_role_function_seed_2026_03|src_role_function_expansion_2026_03","0.8600","reviewed_supplemental_accountability_profile"
"occ_13_1151_00","fn_occ_13_1151_00_primary","Remain accountable for learning-design quality, learner fit, and escalation when training gaps block adoption.","Adoptable training programs and learning assets","Learners, managers, and enablement leaders","0.7400","0.7000","0.2800","0.4600","0.6200","src_role_function_seed_2026_03|src_manual_role_graph_review_2026_03","0.8800","reviewed_primary_accountability_profile"
"occ_13_1161_00","fn_occ_13_1161_00_marketing_ops","Remain accountable for measurement integrity, workflow reliability, and escalation when funnel or automation systems distort decisions.","Coordinated marketing measurement and funnel workflow","Marketing lead, sales, and revenue operations","0.6600","0.6000","0.2000","0.4200","0.5400","src_role_function_seed_2026_03|src_role_function_expansion_2026_03","0.8600","reviewed_supplemental_accountability_profile"
"occ_13_1161_00","fn_occ_13_1161_00_primary","Remain accountable for interpretation quality, message-market fit, and decision usefulness.","Market insight and go-to-market recommendations","Revenue owner, product team, and customer","0.7000","0.6400","0.2800","0.4800","0.6200","src_role_function_seed_2026_03","0.7400","reviewed_primary_accountability_profile"
"occ_13_1199_00","fn_occ_13_1199_00_operational_followthrough","Remain accountable for implementation discipline, tracker integrity, and escalation when process changes break in live execution.","Adopted operating routines and follow-through","Internal teams and operating leadership","0.7200","0.6600","0.2400","0.4600","0.5800","src_role_function_seed_2026_03|src_role_function_expansion_2026_03","0.8600","reviewed_supplemental_accountability_profile"
"occ_13_1199_00","fn_occ_13_1199_00_primary","Remain accountable for diagnosis quality, recommendation logic, and expected business outcomes.","Actionable recommendations and change plans","Client or business sponsor","0.7400","0.7000","0.3600","0.6000","0.7200","src_role_function_seed_2026_03","0.7400","reviewed_primary_accountability_profile"
"occ_13_2011_00","fn_occ_13_2011_00_audit_assurance","Remain accountable for assurance quality, control-testing rigor, and escalation of material audit findings, but not for most final executive sign-off.","Defensible audit findings and remediation priorities","Controllers, finance leadership, regulators, and audit committees","0.8200","0.7600","0.5600","0.6200","0.7000","src_role_function_seed_2026_03|src_role_function_expansion_2026_03","0.8600","reviewed_supplemental_accountability_profile"
"occ_13_2011_00","fn_occ_13_2011_00_finance_advisory","Remain accountable for interpretation quality, financial control judgment, and escalation of material issues.","Decision-ready financial guidance","Leadership and operating owners","0.8200","0.7200","0.5600","0.6000","0.6800","src_role_function_seed_2026_03|src_role_function_expansion_2026_03","0.8600","reviewed_supplemental_accountability_profile"
"occ_13_2011_00","fn_occ_13_2011_00_primary","Remain accountable for financial correctness, control discipline, and compliance quality.","Reliable financial statements and control judgments","Management, investor, and regulator","0.8200","0.7600","0.7000","0.6200","0.7400","src_role_function_seed_2026_03|src_manual_role_graph_review_2026_03","0.8800","reviewed_primary_accountability_profile"
"occ_13_2051_00","fn_occ_13_2051_00_primary","Remain accountable for correctness, financial control, and decision relevance.","Reliable financial records, analysis, and controls","Management, investors, and regulators","0.5800","0.5400","0.3800","0.4800","0.6400","src_role_function_seed_2026_03","0.7400","reviewed_primary_accountability_profile|phase32_guardrail_correction"
"occ_13_2051_00","fn_occ_13_2051_00_stakeholder_translation","Remain accountable for interpretation quality, recommendation clarity, and fit between financial models and business decisions.","Decision-ready financial recommendations and tradeoffs","Finance leadership and business partners","0.6400","0.5600","0.2800","0.4400","0.6000","src_role_function_seed_2026_03|src_role_function_expansion_2026_03","0.8600","reviewed_supplemental_accountability_profile|phase32_guardrail_correction"
"occ_13_2052_00","fn_occ_13_2052_00_primary","Remain accountable for advice quality, relationship trust, and escalation when client suitability or compliance risks change.","Client-ready financial plans and recommendations","Client and advisory firm","0.8400","0.8800","0.6200","0.6000","0.7800","src_role_function_seed_2026_03|src_manual_role_graph_review_2026_03","0.8800","reviewed_primary_accountability_profile"
"occ_13_2052_00","fn_occ_13_2052_00_relationship_book_stewardship","Remain accountable for relationship quality, continuity of guidance, and escalation when client needs or risk posture change materially.","Maintained client trust and advisory continuity","Client and advisory firm","0.8200","0.9000","0.5400","0.4600","0.8000","src_role_function_seed_2026_03|src_role_function_expansion_2026_03","0.8600","reviewed_supplemental_accountability_profile"
"occ_13_2072_00","fn_occ_13_2072_00_primary","Remain accountable for client guidance, application quality, and escalation when credit risk or policy fit is unclear.","Qualified loan applications and lending recommendations","Borrower and lending institution","0.7600","0.8000","0.6200","0.5800","0.7000","src_role_function_seed_2026_03|src_manual_role_graph_review_2026_03","0.8800","reviewed_primary_accountability_profile"
"occ_13_2072_00","fn_occ_13_2072_00_relationship_portfolio_guidance","Remain accountable for client guidance, relationship quality, and escalation when borrower needs or policy fit become ambiguous.","Sustained borrower momentum and portfolio fit guidance","Borrower and lending institution","0.7600","0.8200","0.5800","0.4800","0.6800","src_role_function_seed_2026_03|src_role_function_expansion_2026_03","0.8600","reviewed_supplemental_accountability_profile"
"occ_15_1211_00","fn_occ_15_1211_00_primary","Remain accountable for software quality, technical tradeoffs, and production behavior.","Working software systems","Users, customers, and technical stakeholders","0.5000","0.4400","0.2400","0.4200","0.5600","src_role_function_seed_2026_03","0.7400","reviewed_primary_accountability_profile|phase31_sysanalyst_guardrail_correction|phase33_guardrail_correction"
"occ_15_1211_00","fn_occ_15_1211_00_requirements_translation","Remain accountable for requirements quality, stakeholder interpretation, and fit between systems and workflow reality.","Adoptable requirements and system tradeoffs","Business stakeholders and implementation teams","0.5200","0.5200","0.2200","0.4000","0.5400","src_role_function_seed_2026_03|src_role_function_expansion_2026_03","0.8600","reviewed_supplemental_accountability_profile|phase31_sysanalyst_guardrail_correction|phase33_guardrail_correction"
"occ_15_1212_00","fn_occ_15_1212_00_incident_readiness","Remain accountable for response readiness, escalation quality, and evidence discipline when active threats emerge.","Security-incident readiness and coordinated defensive action","Security leadership and operating teams","0.8200","0.7400","0.7200","0.5600","0.6800","src_role_function_seed_2026_03|src_role_function_expansion_2026_03","0.8600","reviewed_supplemental_accountability_profile"
"occ_15_1212_00","fn_occ_15_1212_00_primary","Remain accountable for risk triage, control judgment, and escalation when threats exceed routine remediation.","Reduced security risk and defensible control actions","Organization, users, and security leadership","0.8200","0.7600","0.7200","0.6200","0.7200","src_role_function_seed_2026_03|src_manual_role_graph_review_2026_03","0.8800","reviewed_primary_accountability_profile"
"occ_15_1232_00","fn_occ_15_1232_00_primary","Remain accountable for diagnosis quality, user handoff, and escalation when issues exceed frontline support.","Restored user productivity and usable systems","Employee or end user","0.6400","0.7200","0.2400","0.4600","0.5600","src_role_function_seed_2026_03|src_manual_role_graph_review_2026_03","0.8800","reviewed_primary_accountability_profile"
"occ_15_1232_00","fn_occ_15_1232_00_workflow_adoption_enablement","Remain accountable for user enablement quality, support handoff clarity, and escalation when issues require deeper technical ownership.","Usable support guidance and smoother tool adoption","Employee or end user","0.6400","0.7400","0.2000","0.4000","0.5200","src_role_function_seed_2026_03|src_role_function_expansion_2026_03","0.8600","reviewed_supplemental_accountability_profile"
"occ_15_1241_00","fn_occ_15_1241_00_implementation_governance","Remain accountable for standards fit, implementation governance, and escalation when build decisions weaken the architecture.","Governed network implementation and standards adherence","Operators and technical leadership","0.8200","0.6600","0.4400","0.6000","0.6800","src_role_function_seed_2026_03|src_role_function_expansion_2026_03","0.8600","reviewed_supplemental_accountability_profile"
"occ_15_1241_00","fn_occ_15_1241_00_primary","Remain accountable for architecture quality, reliability tradeoffs, and escalation when implementation diverges from design intent.","Defensible network architecture and standards","Users, operators, and technical leadership","0.8400","0.6800","0.5200","0.6800","0.7200","src_role_function_seed_2026_03|src_manual_role_graph_review_2026_03","0.8800","reviewed_primary_accountability_profile"
"occ_15_1244_00","fn_occ_15_1244_00_incident_response_coordination","Remain accountable for response coordination, service communication, and escalation when incidents exceed routine administration.","Coordinated incident response and service recovery","Users, operators, and IT leadership","0.7200","0.6600","0.3600","0.4600","0.5800","src_role_function_seed_2026_03|src_role_function_expansion_2026_03","0.8600","reviewed_supplemental_accountability_profile"
"occ_15_1244_00","fn_occ_15_1244_00_primary","Remain accountable for uptime, recovery readiness, and escalation when infrastructure risk exceeds routine administration.","Reliable network and system operations","Users, operators, and IT leadership","0.7400","0.6600","0.4400","0.5600","0.6400","src_role_function_seed_2026_03|src_manual_role_graph_review_2026_03","0.8800","reviewed_primary_accountability_profile"
"occ_15_1252_00","fn_occ_15_1252_00_primary","Remain accountable for software quality, technical tradeoffs, and production behavior.","Working software systems","Users, customers, and technical stakeholders","0.6200","0.4800","0.2600","0.5000","0.6200","src_role_function_seed_2026_03","0.7400","reviewed_primary_accountability_profile|phase32_guardrail_correction"
"occ_15_1252_00","fn_occ_15_1252_00_system_reliability","Remain accountable for production behavior, review quality, and technical integrity.","Reliable software behavior and maintainability","Users, operators, and engineering team","0.6200","0.4600","0.3000","0.5200","0.6000","src_role_function_seed_2026_03|src_role_function_expansion_2026_03","0.8600","reviewed_supplemental_accountability_profile|phase32_guardrail_correction"
"occ_15_1253_00","fn_occ_15_1253_00_primary","Remain accountable for test coverage, defect clarity, and escalation when software is not ready to ship.","Defensible quality evidence and release readiness","Engineering, product, and user","0.7800","0.6800","0.3400","0.5400","0.6200","src_role_function_seed_2026_03|src_manual_role_graph_review_2026_03","0.8800","reviewed_primary_accountability_profile"
"occ_15_1253_00","fn_occ_15_1253_00_test_automation_enablement","Remain accountable for test-program usefulness, quality workflow fit, and escalation when automation hides product risk.","Reusable test tooling and repeatable quality workflow","Engineering and quality teams","0.7400","0.6400","0.2800","0.4400","0.5800","src_role_function_seed_2026_03|src_role_function_expansion_2026_03","0.8600","reviewed_supplemental_accountability_profile"
"occ_15_2031_00","fn_occ_15_2031_00_decision_translation","Remain accountable for model interpretation, recommendation quality, and fit between analytical outputs and operational decisions.","Decision-ready recommendations and workflow guidance","Operators, product leaders, and business stakeholders","0.8000","0.7000","0.2400","0.5200","0.6400","src_role_function_seed_2026_03|src_role_function_expansion_2026_03","0.8600","reviewed_supplemental_accountability_profile"
"occ_15_2031_00","fn_occ_15_2031_00_primary","Remain accountable for analytical validity, interpretation quality, and downstream decision usefulness.","Decision-ready analysis and models","Business or technical decision-maker","0.7600","0.6200","0.3400","0.5600","0.6600","src_role_function_seed_2026_03","0.7400","reviewed_primary_accountability_profile"
"occ_15_2051_00","fn_occ_15_2051_00_primary","Remain accountable for analytical framing, model validity, and practical interpretation of outputs.","Decision-ready models and analysis","Business and technical decision-makers","0.8600","0.6600","0.3600","0.6400","0.7200","src_role_function_seed_2026_03|src_manual_role_graph_review_2026_03","0.8800","reviewed_primary_accountability_profile"
"occ_15_2051_00","fn_occ_15_2051_00_stakeholder_translation","Remain accountable for analytical interpretation, stakeholder clarity, and responsible handoff into action.","Decision-ready interpretation and stakeholder alignment","Business and technical stakeholders","0.8200","0.6800","0.2600","0.5600","0.6600","src_role_function_seed_2026_03|src_role_function_expansion_2026_03","0.8600","reviewed_supplemental_accountability_profile"
"occ_17_2051_00","fn_occ_17_2051_00_primary","Remain accountable for system performance, safety, and engineering judgment.","Reliable technical systems and design decisions","Users, operators, and engineering stakeholders","0.7800","0.6400","0.5600","0.6800","0.7000","src_role_function_seed_2026_03","0.7400","reviewed_primary_accountability_profile"
"occ_17_2051_00","fn_occ_17_2051_00_project_delivery_integration","Remain accountable for integration quality, issue escalation, and coordination when site or project realities pressure the design.","Integrated project delivery and engineering follow-through","Project team, public agency, and client","0.7800","0.6800","0.6200","0.5600","0.6800","src_role_function_seed_2026_03|src_role_function_expansion_2026_03","0.8600","reviewed_supplemental_accountability_profile"
"occ_17_2071_00","fn_occ_17_2071_00_primary","Remain accountable for system performance, safety, and engineering judgment.","Reliable technical systems and design decisions","Users, operators, and engineering stakeholders","0.7800","0.6400","0.5600","0.6800","0.7000","src_role_function_seed_2026_03","0.7400","reviewed_primary_accountability_profile"
"occ_17_2071_00","fn_occ_17_2071_00_validation_integration","Remain accountable for validation quality, issue escalation, and integration tradeoffs when build reality pressures the design.","Validated electrical integration and production readiness","Engineering team and operator","0.8000","0.6600","0.5800","0.5600","0.6800","src_role_function_seed_2026_03|src_role_function_expansion_2026_03","0.8600","reviewed_supplemental_accountability_profile"
"occ_17_2072_00","fn_occ_17_2072_00_electronics_validation_integration","Remain accountable for validation quality, integration fit, and escalation when design choices stop fitting system or manufacturing constraints.","Validated and integration-ready electronic designs","Engineering, manufacturing, and systems teams","0.8000","0.7000","0.4000","0.5400","0.6200","src_role_function_seed_2026_03|src_role_function_expansion_2026_03","0.8600","reviewed_supplemental_accountability_profile"
"occ_17_2072_00","fn_occ_17_2072_00_primary","Remain accountable for system performance, safety, and engineering judgment.","Reliable technical systems and design decisions","Users, operators, and engineering stakeholders","0.7800","0.6400","0.5600","0.6800","0.7000","src_role_function_seed_2026_03","0.7400","reviewed_primary_accountability_profile"
"occ_17_2112_00","fn_occ_17_2112_00_change_implementation","Remain accountable for implementation realism, rollout quality, and escalation when the designed process fails in practice.","Implemented process improvements and validated workflow change","Operations leadership and plant teams","0.7400","0.6400","0.3600","0.4800","0.6200","src_role_function_seed_2026_03|src_role_function_expansion_2026_03","0.8600","reviewed_supplemental_accountability_profile"
"occ_17_2112_00","fn_occ_17_2112_00_primary","Remain accountable for system performance, safety, and engineering judgment.","Reliable technical systems and design decisions","Users, operators, and engineering stakeholders","0.7800","0.6400","0.5600","0.6800","0.7000","src_role_function_seed_2026_03","0.7400","reviewed_primary_accountability_profile"
"occ_17_2141_00","fn_occ_17_2141_00_primary","Remain accountable for system performance, safety, and engineering judgment.","Reliable technical systems and design decisions","Users, operators, and engineering stakeholders","0.5800","0.5000","0.4200","0.4600","0.6200","src_role_function_seed_2026_03","0.7400","reviewed_primary_accountability_profile|phase31_mech_eng_guardrail_correction|phase33_guardrail_correction"
"occ_17_2141_00","fn_occ_17_2141_00_validation_integration","Remain accountable for verification quality, integration tradeoffs, and release readiness when designs move into buildable integrity.","Validated and integration-ready mechanical designs","Manufacturing, systems, and engineering teams","0.6000","0.5400","0.3200","0.4400","0.5800","src_role_function_seed_2026_03|src_role_function_expansion_2026_03","0.8600","reviewed_supplemental_accountability_profile|phase33_guardrail_correction"
"occ_23_1011_00","fn_occ_23_1011_00_matter_preparation","Remain accountable for factual quality, procedural fitness, and escalation when preparation work changes legal risk.","Matter-ready legal work product","Attorney and client team","0.7000","0.6200","0.5200","0.5000","0.6000","src_role_function_seed_2026_03|src_role_function_expansion_2026_03","0.8600","reviewed_supplemental_accountability_profile|phase32_guardrail_correction"
"occ_23_1011_00","fn_occ_23_1011_00_primary","Remain professionally accountable for legal judgment, client advocacy, ethical duties, and final representation decisions.","Legally accountable advice and representation","Client, court, and institution","0.8400","0.8000","0.7400","0.8600","0.9200","src_role_function_seed_2026_03|src_manual_role_graph_review_2026_03","0.8800","reviewed_primary_accountability_profile|phase32_guardrail_correction"
"occ_23_2011_00","fn_occ_23_2011_00_matter_coordination","Remain accountable for deadline integrity, packet readiness, and escalation when procedural work blocks attorney action.","Execution-ready legal matter flow","Attorney, client, and legal operations team","0.5200","0.4800","0.2800","0.3600","0.5000","src_role_function_seed_2026_03|src_role_function_expansion_2026_03","0.8600","reviewed_supplemental_accountability_profile|phase31_paralegal_liability_correction|phase33_guardrail_correction"
"occ_23_2011_00","fn_occ_23_2011_00_primary","Remain accountable for procedural reliability, record quality, and escalation of issues that require attorney judgment.","Matter-ready case support","Attorney and legal team","0.5400","0.5000","0.3000","0.4000","0.5400","src_role_function_seed_2026_03|src_manual_role_graph_review_2026_03","0.8800","reviewed_primary_accountability_profile|phase31_paralegal_liability_correction|phase33_guardrail_correction"
"occ_27_1024_00","fn_occ_27_1024_00_brand_system_stewardship","Remain accountable for brand coherence, review quality, and escalation when stakeholder conflict or production constraints change the work.","Approved creative systems and release-ready assets","Marketing, product, and brand stakeholders","0.5600","0.5200","0.1200","0.4000","0.5600","src_role_function_seed_2026_03|src_role_function_expansion_2026_03","0.8600","reviewed_supplemental_accountability_profile|phase32_guardrail_correction"
"occ_27_1024_00","fn_occ_27_1024_00_primary","Remain accountable for final creative direction, coherence, and audience fit.","Creative assets and narratives","Audience, client, or brand owner","0.4400","0.4600","0.1400","0.3600","0.5400","src_role_function_seed_2026_03","0.7400","reviewed_primary_accountability_profile|phase32_guardrail_correction"
"occ_27_3023_00","fn_occ_27_3023_00_broadcast_orchestration","Remain accountable for live presentation judgment, editorial sequencing, and release readiness under deadline.","Broadcast-ready segments and presentation flow","Audience, editor, and producer","0.7400","0.7800","0.2400","0.5000","0.6200","src_role_function_seed_2026_03|src_role_function_expansion_2026_03","0.8600","reviewed_supplemental_accountability_profile"
"occ_27_3023_00","fn_occ_27_3023_00_primary","Remain accountable for source judgment, factual integrity, and public trust.","Credible reporting","Public and editor","0.8000","0.8600","0.3600","0.6400","0.7400","src_role_function_seed_2026_03|src_manual_role_graph_review_2026_03","0.8800","reviewed_primary_accountability_profile"
"occ_27_3023_00","fn_occ_27_3023_00_source_development","Remain accountable for source trust, verification discipline, and judgment under uncertainty.","Verified source network and reportable facts","Public, sources, and editor","0.7800","0.8400","0.2800","0.5600","0.7000","src_role_function_seed_2026_03|src_role_function_expansion_2026_03","0.8600","reviewed_supplemental_accountability_profile"
"occ_27_3031_00","fn_occ_27_3031_00_primary","Remain accountable for message accuracy, timing, and reputational consequences.","Stakeholder-ready communications","External and internal stakeholders","0.5800","0.7200","0.4000","0.5400","0.6200","src_role_function_seed_2026_03","0.7400","reviewed_primary_accountability_profile"
"occ_27_3031_00","fn_occ_27_3031_00_relationship_protection","Remain accountable for relationship trust, escalation judgment, and reputational protection.","Protected stakeholder trust and coordinated response","External stakeholders and leadership","0.7600","0.8600","0.3200","0.5600","0.7400","src_role_function_seed_2026_03|src_role_function_expansion_2026_03","0.8600","reviewed_supplemental_accountability_profile"
"occ_27_3041_00","fn_occ_27_3041_00_primary","Remain accountable for final clarity, consistency, and editorial standards.","Publishable, high-quality content","Reader and publisher","0.8000","0.7800","0.3000","0.5600","0.7000","src_role_function_seed_2026_03|src_manual_role_graph_review_2026_03","0.8800","reviewed_primary_accountability_profile"
"occ_27_3041_00","fn_occ_27_3041_00_publication_orchestration","Remain accountable for review flow, contributor alignment, and release readiness.","Coordinated publication workflow","Writers, editor, and publisher","0.7200","0.7000","0.2200","0.4800","0.6200","src_role_function_seed_2026_03|src_role_function_expansion_2026_03","0.8600","reviewed_supplemental_accountability_profile"
"occ_27_3042_00","fn_occ_27_3042_00_primary","Remain accountable for documentation accuracy, user fit, and release readiness.","Usable technical documentation","User, support, and product team","0.7400","0.7000","0.3200","0.4800","0.6200","src_role_function_seed_2026_03|src_manual_role_graph_review_2026_03","0.8800","reviewed_primary_accountability_profile"
"occ_27_3042_00","fn_occ_27_3042_00_release_enablement","Remain accountable for review completeness, release fit, and documentation maintainability.","Release-ready documentation package","Users, support, and product team","0.7200","0.6800","0.2400","0.4400","0.5800","src_role_function_seed_2026_03|src_role_function_expansion_2026_03","0.8600","reviewed_supplemental_accountability_profile"
"occ_27_3043_00","fn_occ_27_3043_00_content_system_stewardship","Remain accountable for voice consistency, editorial fit, and escalation when content choices conflict with user understanding or stakeholder goals.","Coherent content systems and release-ready written work","Audience, client, editor, and cross-functional partners","0.7600","0.7600","0.1800","0.4600","0.5800","src_role_function_seed_2026_03|src_role_function_expansion_2026_03","0.8600","reviewed_supplemental_accountability_profile"
"occ_27_3043_00","fn_occ_27_3043_00_primary","Remain accountable for final creative direction, coherence, and audience fit.","Creative assets and narratives","Audience, client, or brand owner","0.6000","0.6200","0.2200","0.4200","0.6000","src_role_function_seed_2026_03","0.7400","reviewed_primary_accountability_profile"
"occ_41_3011_00","fn_occ_41_3011_00_campaign_account_stewardship","Remain accountable for account continuity, commercial fit, and escalation when campaign commitments or client trust are at risk.","Maintained account momentum and commercial follow-through","Client, sales leadership, and internal delivery teams","0.7200","0.8400","0.2200","0.5000","0.7400","src_role_function_seed_2026_03|src_role_function_expansion_2026_03","0.8600","reviewed_supplemental_accountability_profile"
"occ_41_3011_00","fn_occ_41_3011_00_primary","Remain accountable for relationship quality, deal judgment, and commercial commitments.","Revenue and account progression","Customer and revenue owner","0.7200","0.8200","0.2600","0.5800","0.7600","src_role_function_seed_2026_03","0.7400","reviewed_primary_accountability_profile"
"occ_41_3021_00","fn_occ_41_3021_00_policy_service_stewardship","Remain accountable for relationship trust, servicing clarity, and escalation when policy fit or customer needs change.","Maintained policy relationships and renewal continuity","Customer and agency","0.7200","0.8400","0.5200","0.4200","0.7400","src_role_function_seed_2026_03|src_role_function_expansion_2026_03","0.8600","reviewed_supplemental_accountability_profile"
"occ_41_3021_00","fn_occ_41_3021_00_primary","Remain accountable for relationship quality, deal judgment, and commercial commitments.","Revenue and account progression","Customer and revenue owner","0.7200","0.8200","0.2600","0.5800","0.7600","src_role_function_seed_2026_03","0.7400","reviewed_primary_accountability_profile"
"occ_41_3031_00","fn_occ_41_3031_00_book_stewardship","Remain accountable for relationship quality, account continuity, and escalation when compliance or suitability concerns interrupt the sale.","Maintained regulated account momentum and client continuity","Client and revenue owner","0.7600","0.8600","0.5800","0.4400","0.7800","src_role_function_seed_2026_03|src_role_function_expansion_2026_03","0.8600","reviewed_supplemental_accountability_profile"
"occ_41_3031_00","fn_occ_41_3031_00_primary","Remain accountable for relationship quality, deal judgment, and commercial commitments.","Revenue and account progression","Customer and revenue owner","0.7200","0.8200","0.2600","0.5800","0.7600","src_role_function_seed_2026_03","0.7400","reviewed_primary_accountability_profile"
"occ_41_3091_00","fn_occ_41_3091_00_account_stewardship","Remain accountable for account trust, renewal risk, and coordination when delivery issues threaten revenue.","Retained accounts and expanded customer trust","Customer and revenue owner","0.7200","0.7600","0.2000","0.5200","0.7200","src_role_function_seed_2026_03|src_role_function_expansion_2026_03","0.8600","reviewed_supplemental_accountability_profile|phase31_salesrep_guardrail_correction"
"occ_41_3091_00","fn_occ_41_3091_00_primary","Remain accountable for commercial judgment, relationship trust, and final deal commitments.","Closed service revenue and active accounts","Customer and revenue owner","0.7600","0.7600","0.2800","0.6200","0.7600","src_role_function_seed_2026_03|src_manual_role_graph_review_2026_03","0.8800","reviewed_primary_accountability_profile|phase31_salesrep_guardrail_correction"
"occ_41_4011_00","fn_occ_41_4011_00_primary","Remain accountable for relationship quality, deal judgment, and commercial commitments.","Revenue and account progression","Customer and revenue owner","0.7200","0.8200","0.2600","0.5800","0.7600","src_role_function_seed_2026_03","0.7400","reviewed_primary_accountability_profile"
"occ_41_4011_00","fn_occ_41_4011_00_solution_translation","Remain accountable for solution fit, translation quality, and escalation when technical reality changes the sales path.","Customer-ready solution translation and deal guidance","Customer and revenue owner","0.7800","0.8400","0.2800","0.4400","0.7600","src_role_function_seed_2026_03|src_role_function_expansion_2026_03","0.8600","reviewed_supplemental_accountability_profile"
"occ_43_1011_00","fn_occ_43_1011_00_primary","Remain accountable for staffing coverage, workflow quality, and escalation when office-support processes break down.","Coordinated office-support execution","Support staff and leadership","0.6800","0.6200","0.3400","0.5600","0.6200","src_role_function_seed_2026_03|src_manual_role_graph_review_2026_03","0.8800","reviewed_primary_accountability_profile"
"occ_43_1011_00","fn_occ_43_1011_00_staffing_cadence_leadership","Remain accountable for staffing balance, service reliability, and escalation when office-support flow breaks down.","Manager-level staffing cadence and workflow direction","Support staff and leadership","0.7200","0.6400","0.3000","0.6200","0.6400","src_role_function_seed_2026_03|src_role_function_expansion_2026_03","0.8600","reviewed_supplemental_accountability_profile"
"occ_43_3021_00","fn_occ_43_3021_00_exception_reconciliation","Remain accountable for exception handling quality, record correction, and escalation when discrepancies affect accounts materially.","Resolved billing exceptions and corrected records","Finance operations and customer account teams","0.4600","0.4400","0.3000","0.2800","0.3600","src_role_function_seed_2026_03|src_role_function_expansion_2026_03","0.8600","reviewed_supplemental_accountability_profile|phase33_guardrail_correction"
"occ_43_3021_00","fn_occ_43_3021_00_primary","Remain accountable for billing accuracy, document integrity, and escalation when discrepancies affect customers or downstream finance.","Accurate billing output and corrected records","Customer and finance operations","0.4600","0.5400","0.4200","0.2600","0.3200","src_role_function_seed_2026_03|src_manual_role_graph_review_2026_03","0.8800","reviewed_primary_accountability_profile|phase30_clerical_barg_correction"
"occ_43_3031_00","fn_occ_43_3031_00_primary","Remain accountable for transaction accuracy, ledger correctness, and escalation when processing exceptions affect downstream reporting.","Accurate posted transactions and reconciled ledger records","Accounting supervisor and finance operations","0.5600","0.5200","0.3200","0.3200","0.3800","src_role_function_seed_2026_03","0.7400","reviewed_primary_accountability_profile|phase31_bookkeeping_clerk_correction"
"occ_43_3031_00","fn_occ_43_3031_00_transaction_processing","Remain accountable for transaction accuracy, document fit, and escalation when routine processing reveals a material exception.","Posted transactions and updated routine financial records","Accounting operations team","0.5800","0.4600","0.3600","0.2200","0.3000","src_role_function_seed_2026_03|src_role_function_expansion_2026_03","0.8600","reviewed_supplemental_accountability_profile"
"occ_43_4031_00","fn_occ_43_4031_00_case_window_coordination","Remain accountable for handoff quality, procedural clarity, and escalation when requests stop fitting routine process.","Completed civic request flow and cleaner public handoffs","Applicant, public, and institution","0.5400","0.7200","0.6200","0.3000","0.4000","src_role_function_seed_2026_03|src_role_function_expansion_2026_03","0.8600","reviewed_supplemental_accountability_profile|phase30_clerical_barg_correction"
"occ_43_4031_00","fn_occ_43_4031_00_primary","Remain accountable for record integrity, procedural correctness, and escalation when a filing or request cannot be processed routinely.","Accurate public records and completed filings","Applicant, public, and institution","0.5600","0.7000","0.6200","0.3000","0.4000","src_role_function_seed_2026_03|src_manual_role_graph_review_2026_03","0.8800","reviewed_primary_accountability_profile|phase30_clerical_barg_correction"
"occ_43_4051_00","fn_occ_43_4051_00_case_queue_execution","Remain accountable for queue hygiene, record accuracy, and escalation when routine support work turns into a real exception.","Stable support queue flow and routine case completion","Customer and support operation","0.5600","0.4800","0.1800","0.2800","0.3400","src_role_function_seed_2026_03|src_role_function_expansion_2026_03","0.8600","reviewed_supplemental_accountability_profile"
"occ_43_4051_00","fn_occ_43_4051_00_primary","Remain accountable for case quality, exception handling, and customer-facing judgment.","Resolved customer issues and retained trust","Customer and service organization","0.6200","0.7800","0.3000","0.4600","0.5800","src_role_function_seed_2026_03|src_manual_role_graph_review_2026_03","0.8800","reviewed_primary_accountability_profile"
"occ_43_4131_00","fn_occ_43_4131_00_intake_exception_coordination","Remain accountable for follow-through quality, exception routing, and escalation when intake issues affect eligibility or timing.","Resolved intake exceptions and cleaner lending flow","Borrower and lending team","0.5800","0.7000","0.3600","0.3400","0.4600","src_role_function_seed_2026_03|src_role_function_expansion_2026_03","0.8600","reviewed_supplemental_accountability_profile"
"occ_43_4131_00","fn_occ_43_4131_00_primary","Remain accountable for intake accuracy, borrower follow-through, and escalation when files are incomplete or policy issues appear.","Review-ready loan files and accurate intake records","Borrower and lending team","0.5600","0.6600","0.3800","0.3800","0.4800","src_role_function_seed_2026_03|src_manual_role_graph_review_2026_03","0.8800","reviewed_primary_accountability_profile"
"occ_43_4171_00","fn_occ_43_4171_00_primary","Own the integrity of schedules, records, and follow-through even when parts of the work are delegated.","Accurate workflow execution and internal support","Internal leaders and teams","0.3200","0.3800","0.2000","0.2600","0.2800","src_role_function_seed_2026_03","0.7400","reviewed_primary_accountability_profile|phase33_guardrail_correction"
"occ_43_4171_00","fn_occ_43_4171_00_visitor_routing_stewardship","Remain accountable for routing quality, communication tone, and escalation when intake cannot be handled routinely.","Clean first-contact routing and maintained service continuity","Visitor and front-office team","0.3400","0.4200","0.1600","0.2200","0.2800","src_role_function_seed_2026_03|src_role_function_expansion_2026_03","0.8600","reviewed_supplemental_accountability_profile|phase33_guardrail_correction"
"occ_43_6011_00","fn_occ_43_6011_00_executive_coordination","Remain accountable for discretion, escalation quality, and coordination when executive commitments or stakeholder trust are at risk.","Aligned executive commitments and high-trust coordination","Executive and leadership stakeholders","0.7600","0.8400","0.2800","0.5400","0.7200","src_role_function_seed_2026_03|src_role_function_expansion_2026_03","0.8600","reviewed_supplemental_accountability_profile"
"occ_43_6011_00","fn_occ_43_6011_00_primary","Own the integrity of schedules, records, and follow-through even when parts of the work are delegated.","Accurate workflow execution and internal support","Internal leaders and teams","0.4200","0.4800","0.2800","0.3400","0.4000","src_role_function_seed_2026_03","0.7400","reviewed_primary_accountability_profile"
"occ_43_6014_00","fn_occ_43_6014_00_admin_coordination","Remain accountable for coordination quality, follow-up discipline, and escalation when requests affect sensitive priorities or stakeholder trust.","Coordinated administrative follow-through and information flow","Internal stakeholders and managers","0.6800","0.7200","0.1800","0.3800","0.5000","src_role_function_seed_2026_03|src_role_function_expansion_2026_03","0.8600","reviewed_supplemental_accountability_profile"
"occ_43_6014_00","fn_occ_43_6014_00_primary","Own the integrity of schedules, records, and follow-through even when parts of the work are delegated.","Accurate workflow execution and internal support","Internal leaders and teams","0.4200","0.4800","0.2800","0.3400","0.4000","src_role_function_seed_2026_03","0.7400","reviewed_primary_accountability_profile"
"occ_43_9041_00","fn_occ_43_9041_00_exception_escalation_support","Remain accountable for exception visibility, record quality, and escalation when routine processing no longer fits the case.","Visible processing exceptions and cleaner escalation flow","Claims operations and adjuster team","0.6000","0.6600","0.4800","0.3400","0.4600","src_role_function_seed_2026_03|src_role_function_expansion_2026_03","0.8600","reviewed_supplemental_accountability_profile"
"occ_43_9041_00","fn_occ_43_9041_00_primary","Remain accountable for SOP adherence, escalation when claims fall outside routine parameters, and handoff quality to adjusters or supervisors.","Processed claims and accurate workflow handoffs","Internal teams and customers","0.5200","0.5800","0.4800","0.2800","0.3400","src_role_function_seed_2026_03|src_manual_role_graph_review_2026_03","0.7400","reviewed_primary_accountability_profile|phase30_clerical_barg_correction"
"occ_43_9061_00","fn_occ_43_9061_00_office_flow_coordination","Remain accountable for flow reliability, request routing, and escalation when office work stops fitting routine handling.","Coordinated office workflow and request follow-through","Internal teams and office stakeholders","0.6200","0.5600","0.2000","0.2800","0.3400","src_role_function_seed_2026_03|src_role_function_expansion_2026_03","0.8600","reviewed_supplemental_accountability_profile"
"occ_43_9061_00","fn_occ_43_9061_00_primary","Own the integrity of schedules, records, and follow-through even when parts of the work are delegated.","Accurate workflow execution and internal support","Internal leaders and teams","0.4200","0.4800","0.2800","0.3400","0.4000","src_role_function_seed_2026_03","0.7400","reviewed_primary_accountability_profile"
"occ_43_9111_00","fn_occ_43_9111_00_data_preparation_execution","Remain accountable for coding accuracy, packet completeness, and escalation when preparation work changes the meaning of the analysis.","Prepared statistical inputs and coded records","Analyst and statistical support team","0.5800","0.4200","0.1800","0.2400","0.3000","src_role_function_seed_2026_03|src_role_function_expansion_2026_03","0.8600","reviewed_supplemental_accountability_profile"
"occ_43_9111_00","fn_occ_43_9111_00_primary","Remain accountable for data preparation accuracy, processing reliability, and escalation when outputs deviate from expected statistical ranges.","Accurate prepared data and supporting statistical outputs","Technical or analytical decision-maker","0.5400","0.5600","0.3400","0.3200","0.3800","src_role_function_seed_2026_03|src_manual_role_graph_review_2026_03","0.7400","reviewed_primary_accountability_profile|phase30_clerical_barg_correction"
"occ_15_2041_00","fn_occ_15_2041_00_primary","Remain accountable for compilation accuracy, tabulation completeness, and escalation when data anomalies affect the integrity of statistical outputs.","Accurate compiled and tabulated statistical data","Statistician or research supervisor","0.3400","0.3800","0.1800","0.2200","0.2000","src_role_function_seed_2026_03|src_manual_role_graph_review_2026_03","0.7400","reviewed_primary_accountability_profile|phase33_statistical_assistant_initial"
"occ_15_2041_00","fn_occ_15_2041_00_data_entry_execution","Remain accountable for coding consistency and data entry precision when preparing statistical inputs for analysis.","Consistently coded and entered statistical records","Research or analytical team","0.2800","0.3000","0.1400","0.1800","0.1800","src_role_function_seed_2026_03|src_role_function_expansion_2026_03","0.8600","reviewed_supplemental_accountability_profile|phase33_statistical_assistant_initial"
