"occupation_id","onet_soc_code","bls_occ_code","ors_reference_year","ors_reference_wave","interaction_intensity","external_interaction_intensity","internal_interaction_intensity","people_skill_intensity","speaking_intensity","autonomy_intensity","review_intensity","pause_control_share","self_paced_share","supervisor_present_share","supervising_others_share","pace_constraint_intensity","people_control_share","software_control_share","target_control_share","fast_pace_share","telework_ability_share","work_schedule_variability_share","human_constraint_index","ors_confidence","source_mix","notes"
"occ_11_1021_00","11-1021.00","111021","2025","third_wave_preliminary","0.703","0.660","0.851","","0.621","0.914","0.120","0.957","0.877","0.252","0.984","0.315","0.123","","","0.656","0.265","0.341","0.893","0.824","src_bls_ors_2025_prelim","source_primary=2025|completeness=0.91|stability=0.72"
"occ_11_2021_00","11-2021.00","112021","2025","third_wave_preliminary","0.485","0.374","0.738","","0.534","0.947","","","0.992","","0.828","0.779","","","","0.779","0.887","0.236","0.746","0.724","src_bls_ors_2025_prelim","source_primary=2025|completeness=0.73|stability=0.72"
"occ_11_2022_00","11-2022.00","112022","2025","third_wave_preliminary","0.764","0.791","0.781","","0.597","0.928","0.158","","0.964","0.210","0.947","0.249","0.036","","","0.628","0.689","0.294","0.895","0.774","src_bls_ors_2025_prelim","source_primary=2025|completeness=0.82|stability=0.72"
"occ_11_3021_00","11-3021.00","113021","2025","third_wave_preliminary","0.481","0.485","0.459","","0.506","0.920","0.145","","0.961","0.470","0.897","0.263","0.039","","","0.661","","0.331","0.872","0.724","src_bls_ors_2025_prelim","source_primary=2025|completeness=0.73|stability=0.72"
"occ_11_3031_00","11-3031.00","113031","2025","third_wave_preliminary","0.593","0.538","0.765","","0.530","0.918","0.121","0.988","0.874","0.257","0.969","0.292","0.126","","","0.588","0.411","0.227","0.898","0.824","src_bls_ors_2025_prelim","source_primary=2025|completeness=0.91|stability=0.72"
"occ_11_3071_00","11-3071.00","113071","2025","third_wave_preliminary","0.680","0.618","0.858","","0.628","0.893","0.158","","0.919","0.188","","0.302","0.081","","","0.696","0.144","0.329","0.828","0.724","src_bls_ors_2025_prelim","source_primary=2025|completeness=0.73|stability=0.72"
"occ_11_3121_00","11-3121.00","113121","2025","third_wave_preliminary","0.629","0.550","0.846","","0.593","0.897","0.134","","0.910","0.427","0.904","0.312","0.090","","","0.708","0.540","0.078","0.853","0.774","src_bls_ors_2025_prelim","source_primary=2025|completeness=0.82|stability=0.72"
"occ_11_9041_00","11-9041.00","119041","2025","third_wave_preliminary","0.571","0.451","0.833","","0.647","0.938","0.142","","0.978","0.184","","0.682","","","","0.682","0.530","0.114","0.731","0.724","src_bls_ors_2025_prelim","source_primary=2025|completeness=0.73|stability=0.72"
"occ_11_9141_00","11-9141.00","119141","2025","third_wave_preliminary","0.676","0.668","0.740","","0.588","0.794","0.093","","0.769","0.163","0.710","0.292","0.231","","","0.401","0.201","0.225","0.747","0.774","src_bls_ors_2025_prelim","source_primary=2025|completeness=0.82|stability=0.72"
"occ_13_1023_00","13-1023.00","131023","2025","third_wave_preliminary","0.698","0.718","0.723","","0.553","0.562","0.239","","0.611","0.581","0.166","0.385","0.385","","","","0.380","0.162","0.442","0.724","src_bls_ors_2025_prelim","source_primary=2025|completeness=0.73|stability=0.72"
"occ_13_1031_00","13-1031.00","131031","","no_rows","","","","","","","","","","","","","","","","","","","","0.350","","source_primary=none|completeness=0.00|stability=0.72"
"occ_13_1041_00","13-1041.00","131041","2025","third_wave_preliminary","0.611","0.564","0.751","","0.566","0.673","0.203","0.978","0.575","0.425","0.263","0.448","0.413","","","0.511","0.644","0.104","0.556","0.824","src_bls_ors_2025_prelim","source_primary=2025|completeness=0.91|stability=0.72"
"occ_13_1051_00","13-1051.00","131051","2025","third_wave_preliminary","0.632","0.608","0.746","","0.525","0.421","0.323","","0.420","0.545","0.082","0.599","0.563","","","0.662","0.356","0.305","0.304","0.774","src_bls_ors_2025_prelim","source_primary=2025|completeness=0.82|stability=0.72"
"occ_13_1071_00","13-1071.00","131071","2025","third_wave_preliminary","0.666","0.631","0.798","","0.582","0.634","0.220","0.991","0.524","0.621","0.135","0.480","0.476","","","0.487","0.501","0.248","0.497","0.824","src_bls_ors_2025_prelim","source_primary=2025|completeness=0.91|stability=0.72"
"occ_13_1081_00","13-1081.00","131081","","no_rows","","","","","","","","","","","","","","","","","","","","0.350","","source_primary=none|completeness=0.00|stability=0.72"
"occ_13_1082_00","13-1082.00","131082","2025","third_wave_preliminary","0.652","0.615","0.780","","0.584","0.710","0.190","","0.691","0.335","0.627","0.268","0.290","","0.018","0.617","0.539","0.216","0.687","0.774","src_bls_ors_2025_prelim","source_primary=2025|completeness=0.82|stability=0.72"
"occ_13_1111_00","13-1111.00","131111","2025","third_wave_preliminary","0.520","0.462","0.674","","0.501","0.739","0.171","","0.875","0.313","0.258","0.257","0.125","","","0.493","0.746","0.083","0.580","0.774","src_bls_ors_2025_prelim","source_primary=2025|completeness=0.82|stability=0.72"
"occ_13_1151_00","13-1151.00","131151","2025","third_wave_preliminary","0.578","0.482","0.771","","0.674","0.612","0.159","0.941","0.488","0.365","0.090","0.502","0.512","","","0.483","0.698","0.157","0.466","0.824","src_bls_ors_2025_prelim","source_primary=2025|completeness=0.91|stability=0.72"
"occ_13_1161_00","13-1161.00","131161","2025","third_wave_preliminary","0.583","0.574","0.670","","0.457","0.627","0.264","","0.772","0.604","0.095","0.231","0.207","","0.021","0.599","0.361","0.384","0.481","0.774","src_bls_ors_2025_prelim","source_primary=2025|completeness=0.82|stability=0.72"
"occ_13_2011_00","13-2011.00","132011","2025","third_wave_preliminary","0.476","0.398","0.707","","0.402","0.646","0.208","","0.735","0.502","0.213","0.398","0.262","","","0.640","0.684","0.349","0.492","0.774","src_bls_ors_2025_prelim","source_primary=2025|completeness=0.82|stability=0.72"
"occ_13_2051_00","13-2051.00","132051","2025","third_wave_preliminary","0.351","0.155","0.806","","0.417","0.546","0.285","","0.620","0.765","0.124","0.561","0.380","","","0.884","0.783","","0.381","0.724","src_bls_ors_2025_prelim","source_primary=2025|completeness=0.73|stability=0.72"
"occ_13_2052_00","13-2052.00","132052","","no_rows","","","","","","","","","","","","","","","","","","","","0.350","","source_primary=none|completeness=0.00|stability=0.72"
"occ_13_2072_00","13-2072.00","132072","2025","third_wave_preliminary","0.719","0.761","0.665","","0.615","0.580","0.296","0.960","0.437","0.543","0.165","0.532","0.520","","","0.552","0.462","0.306","0.471","0.824","src_bls_ors_2025_prelim","source_primary=2025|completeness=0.91|stability=0.72"
"occ_15_1211_00","15-1211.00","151211","2025","third_wave_preliminary","0.283","0.175","0.492","","0.406","0.552","0.182","","0.601","0.347","0.066","0.725","","","","0.725","0.861","0.071","0.328","0.774","src_bls_ors_2025_prelim","source_primary=2025|completeness=0.82|stability=0.72"
"occ_15_1212_00","15-1212.00","151212","","no_rows","","","","","","","","","","","","","","","","","","","","0.350","","source_primary=none|completeness=0.00|stability=0.72"
"occ_15_1232_00","15-1232.00","151232","2025","third_wave_preliminary","0.600","0.382","0.812","0.970","0.529","0.367","0.334","0.867","0.038","0.392","0.013","0.554","0.930","0.022","","0.536","0.524","0.306","0.327","0.874","src_bls_ors_2025_prelim","source_primary=2025|completeness=1.00|stability=0.72"
"occ_15_1241_00","15-1241.00","151241","","no_rows","","","","","","","","","","","","","","","","","","","","0.350","","source_primary=none|completeness=0.00|stability=0.72"
"occ_15_1244_00","15-1244.00","151244","2025","third_wave_preliminary","0.422","0.294","0.700","","0.502","0.462","0.264","","0.445","0.440","0.141","0.485","0.542","","","0.385","0.522","0.277","0.367","0.774","src_bls_ors_2025_prelim","source_primary=2025|completeness=0.82|stability=0.72"
"occ_15_1252_00","15-1252.00","151252","2025","third_wave_preliminary","0.418","0.336","0.625","","0.412","0.604","0.199","","0.658","0.340","0.196","0.750","","","","0.750","0.772","0.232","0.389","0.774","src_bls_ors_2025_prelim","source_primary=2025|completeness=0.82|stability=0.72"
"occ_15_1253_00","15-1253.00","151253","","no_rows","","","","","","","","","","","","","","","","","","","","0.350","","source_primary=none|completeness=0.00|stability=0.72"
"occ_15_2031_00","15-2031.00","152031","","no_rows","","","","","","","","","","","","","","","","","","","","0.350","","source_primary=none|completeness=0.00|stability=0.72"
"occ_17_2051_00","17-2051.00","172051","2025","third_wave_preliminary","0.118","0.043","","","0.491","0.574","0.197","","0.460","","","0.656","0.540","","","0.862","","0.250","0.498","0.624","src_bls_ors_2025_prelim","source_primary=2025|completeness=0.55|stability=0.72"
"occ_17_2071_00","17-2071.00","172071","","no_rows","","","","","","","","","","","","","","","","","","","","0.350","","source_primary=none|completeness=0.00|stability=0.72"
"occ_17_2072_00","17-2072.00","172072","","no_rows","","","","","","","","","","","","","","","","","","","","0.350","","source_primary=none|completeness=0.00|stability=0.72"
"occ_17_2112_00","17-2112.00","172112","2025","third_wave_preliminary","0.056","0.023","0.029","","0.273","0.764","0.017","","0.919","","0.056","0.073","0.073","","","","0.066","0.092","0.564","0.724","src_bls_ors_2025_prelim","source_primary=2025|completeness=0.73|stability=0.72"
"occ_17_2141_00","17-2141.00","172141","2025","third_wave_preliminary","0.156","0.000","0.387","","0.473","0.519","0.214","","","0.258","0.162","0.667","","","","0.667","0.399","","0.359","0.674","src_bls_ors_2025_prelim","source_primary=2025|completeness=0.64|stability=0.72"
"occ_23_1011_00","23-1011.00","231011","2025","third_wave_preliminary","0.720","0.738","0.756","","0.564","0.713","0.154","0.919","0.700","0.460","0.227","0.370","0.300","","","0.495","0.686","0.478","0.571","0.824","src_bls_ors_2025_prelim","source_primary=2025|completeness=0.91|stability=0.72"
"occ_23_2011_00","23-2011.00","232011","2025","third_wave_preliminary","0.626","0.613","0.733","","0.473","0.442","0.327","0.971","0.155","0.723","0.021","0.750","0.843","","","0.585","0.465","0.337","0.330","0.824","src_bls_ors_2025_prelim","source_primary=2025|completeness=0.91|stability=0.72"
"occ_27_1024_00","27-1024.00","271024","2025","third_wave_preliminary","0.314","0.235","0.460","","0.414","0.446","0.278","","0.456","","0.050","0.547","0.544","","","0.551","","0.053","0.316","0.724","src_bls_ors_2025_prelim","source_primary=2025|completeness=0.73|stability=0.72"
"occ_27_3023_00","27-3023.00","273023","","no_rows","","","","","","","","","","","","","","","","","","","","0.350","","source_primary=none|completeness=0.00|stability=0.72"
"occ_27_3031_00","27-3031.00","273031","2025","third_wave_preliminary","0.649","0.612","0.808","","0.522","0.723","0.049","","0.799","0.441","0.216","0.328","0.201","","","0.553","","0.318","0.543","0.724","src_bls_ors_2025_prelim","source_primary=2025|completeness=0.73|stability=0.72"
"occ_27_3041_00","27-3041.00","273041","","no_rows","","","","","","","","","","","","","","","","","","","","0.350","","source_primary=none|completeness=0.00|stability=0.72"
"occ_27_3042_00","27-3042.00","273042","","no_rows","","","","","","","","","","","","","","","","","","","","0.350","","source_primary=none|completeness=0.00|stability=0.72"
"occ_27_3043_00","27-3043.00","273043","","no_rows","","","","","","","","","","","","","","","","","","","","0.350","","source_primary=none|completeness=0.00|stability=0.72"
"occ_41_3011_00","41-3011.00","413011","","no_rows","","","","","","","","","","","","","","","","","","","","0.350","","source_primary=none|completeness=0.00|stability=0.72"
"occ_41_3021_00","41-3021.00","413021","","no_rows","","","","","","","","","","","","","","","","","","","","0.350","","source_primary=none|completeness=0.00|stability=0.72"
"occ_41_3031_00","41-3031.00","413031","","no_rows","","","","","","","","","","","","","","","","","","","","0.350","","source_primary=none|completeness=0.00|stability=0.72"
"occ_41_3091_00","41-3091.00","413091","2025","third_wave_preliminary","0.792","0.856","0.710","","0.634","0.435","0.293","0.746","0.265","0.429","0.009","0.394","0.606","","0.129","0.429","0.434","0.278","0.373","0.824","src_bls_ors_2025_prelim","source_primary=2025|completeness=0.91|stability=0.72"
"occ_41_4011_00","41-4011.00","414011","2025","third_wave_preliminary","0.241","0.063","0.483","","0.649","0.837","0.044","0.963","0.698","0.137","","0.151","0.160","","0.141","","0.507","0.122","0.858","0.724","src_bls_ors_2025_prelim","source_primary=2025|completeness=0.73|stability=0.72"
"occ_43_1011_00","43-1011.00","431011","2025","third_wave_preliminary","0.697","0.671","0.828","","0.569","0.747","0.234","0.931","0.622","0.468","","0.475","0.378","","","0.648","0.246","0.170","0.710","0.774","src_bls_ors_2025_prelim","source_primary=2025|completeness=0.82|stability=0.72"
"occ_43_3021_00","43-3021.00","433021","2025","third_wave_preliminary","0.636","0.666","0.716","0.555","0.489","0.428","0.311","0.883","0.170","0.679","0.011","0.750","0.790","","","0.678","0.394","0.153","0.313","0.874","src_bls_ors_2025_prelim","source_primary=2025|completeness=1.00|stability=0.72"
"occ_43_3031_00","43-3031.00","433031","2025","third_wave_preliminary","0.580","0.517","0.737","0.661","0.423","0.492","0.302","0.959","0.268","0.737","0.039","0.407","0.724","","0.008","0.466","0.281","0.114","0.423","0.874","src_bls_ors_2025_prelim","source_primary=2025|completeness=1.00|stability=0.72"
"occ_43_4031_00","43-4031.00","434031","2025","third_wave_preliminary","0.799","0.843","0.824","0.777","0.577","0.330","0.367","0.626","0.065","0.823","0.137","0.825","0.935","","","0.630","0.063","0.151","0.270","0.874","src_bls_ors_2025_prelim","source_primary=2025|completeness=1.00|stability=0.72"
"occ_43_4051_00","43-4051.00","434051","2025","third_wave_preliminary","0.867","0.928","0.810","0.860","0.691","0.477","0.443","0.413","","0.685","","0.415","0.937","0.055","0.008","0.560","0.389","0.420","0.499","0.774","src_bls_ors_2025_prelim","source_primary=2025|completeness=0.82|stability=0.72"
"occ_43_4131_00","43-4131.00","434131","2025","third_wave_preliminary","0.793","0.748","0.809","0.889","","0.362","0.029","","0.057","0.834","","0.870","0.934","","","0.755","0.312","","0.285","0.674","src_bls_ors_2025_prelim","source_primary=2025|completeness=0.64|stability=0.72"
"occ_43_4171_00","43-4171.00","434171","2025","third_wave_preliminary","0.755","0.945","0.841","0.268","0.605","0.327","0.465","0.352","","0.778","0.008","0.355","","","","0.355","0.027","0.336","0.297","0.824","src_bls_ors_2025_prelim","source_primary=2025|completeness=0.91|stability=0.72"
"occ_43_6011_00","43-6011.00","436011","2025","third_wave_preliminary","0.756","0.692","0.820","0.959","0.541","0.403","0.312","0.850","0.108","0.734","0.063","0.794","0.892","","","0.621","0.395","0.211","0.306","0.874","src_bls_ors_2025_prelim","source_primary=2025|completeness=1.00|stability=0.72"
"occ_43_6014_00","43-6014.00","436014","2025","third_wave_preliminary","0.752","0.791","0.818","0.688","0.559","0.342","0.358","0.763","0.043","0.760","0.039","0.798","0.956","","","0.518","0.252","0.163","0.265","0.874","src_bls_ors_2025_prelim","source_primary=2025|completeness=1.00|stability=0.72"
"occ_43_9041_00","43-9041.00","439041","","no_rows","","","","","","","","","","","","","","","","","","","","0.350","","source_primary=none|completeness=0.00|stability=0.72"
"occ_43_9061_00","43-9061.00","439061","2025","third_wave_preliminary","0.685","0.717","0.817","0.551","0.529","0.368","0.393","0.825","0.089","0.745","0.033","0.730","0.906","","","0.416","0.106","0.183","0.294","0.874","src_bls_ors_2025_prelim","source_primary=2025|completeness=1.00|stability=0.72"
"occ_43_9111_00","43-9111.00","439111","","no_rows","","","","","","","","","","","","","","","","","","","","0.350","","source_primary=none|completeness=0.00|stability=0.72"
