"occupation_id","onet_soc_code","acs_reference_year","acs_release_label","acs_socp_code","acs_query_mode","sample_record_count","employed_record_count","weighted_worker_count","wage_record_count","median_wage_usd","wage_p25_usd","wage_p75_usd","wage_dispersion_ratio","wage_dispersion_percentile","education_dispersion","industry_dispersion","class_of_worker_dispersion","age_band_dispersion","sex_mix_balance","worker_mix_dispersion","heterogeneity_index","acs_confidence","source_mix","notes"
"occ_11_1021_00","11-1021.00","2024","acs_1yr_pums","111021","exact_socp","15348","13484","1448155.000","13225","81000.000","57000.000","120000.000","0.778","0.613","0.815","0.976","0.339","0.773","0.750","0.656","0.799","0.950","src_census_acs_2024_1yr_pums_api","acs_api_records=15348|employed_records=13484|wage_record_share=0.981|query_mode=exact_socp"
"occ_13_1041_00","13-1041.00","2024","acs_1yr_pums","131041","exact_socp","4284","3714","362707.000","3692","77000.000","54000.000","110000.000","0.727","0.484","0.776","0.969","0.642","0.782","0.870","0.778","0.785","0.950","src_census_acs_2024_1yr_pums_api","acs_api_records=4284|employed_records=3714|wage_record_share=0.994|query_mode=exact_socp"
"occ_13_1071_00","13-1071.00","2024","acs_1yr_pums","131070","grouped_zero_fallback","11433","9784","1049091.000","9669","70000.000","50000.000","100000.000","0.714","0.452","0.736","0.970","0.573","0.780","0.500","0.630","0.740","0.950","src_census_acs_2024_1yr_pums_api","acs_api_records=11433|employed_records=9784|wage_record_share=0.988|query_mode=grouped_zero_fallback"
"occ_13_1081_00","13-1081.00","2024","acs_1yr_pums","131081","exact_socp","2442","2108","239397.000","2076","60000.000","42000.000","84000.000","0.700","0.387","0.805","0.968","0.448","0.781","0.713","0.674","0.752","0.950","src_census_acs_2024_1yr_pums_api","acs_api_records=2442|employed_records=2108|wage_record_share=0.985|query_mode=exact_socp"
"occ_13_1082_00","13-1082.00","2024","acs_1yr_pums","131082","exact_socp","11487","10148","1017905.000","10033","98000.000","70000.000","130000.000","0.612","0.129","0.721","0.974","0.359","0.770","0.911","0.717","0.690","0.950","src_census_acs_2024_1yr_pums_api","acs_api_records=11487|employed_records=10148|wage_record_share=0.989|query_mode=exact_socp"
"occ_13_1111_00","13-1111.00","2024","acs_1yr_pums","131111","exact_socp","13691","11365","1146507.000","10036","97000.000","61000.000","144000.000","0.856","0.677","0.714","0.698","0.560","0.795","0.905","0.774","0.713","0.950","src_census_acs_2024_1yr_pums_api","acs_api_records=13691|employed_records=11365|wage_record_share=0.883|query_mode=exact_socp"
"occ_13_1151_00","13-1151.00","2024","acs_1yr_pums","131151","exact_socp","2276","1936","201902.000","1906","65000.000","45400.000","90000.000","0.686","0.323","0.818","0.983","0.544","0.788","0.877","0.758","0.765","0.949","src_census_acs_2024_1yr_pums_api","acs_api_records=2276|employed_records=1936|wage_record_share=0.985|query_mode=exact_socp"
"occ_13_1161_00","13-1161.00","2024","acs_1yr_pums","131161","exact_socp","5842","4976","524968.000","4652","75000.000","45000.000","125000.000","1.067","0.935","0.635","0.963","0.414","0.751","0.782","0.678","0.818","0.950","src_census_acs_2024_1yr_pums_api","acs_api_records=5842|employed_records=4976|wage_record_share=0.935|query_mode=exact_socp"
"occ_13_1199_00","13-1199.00","2024","acs_1yr_pums","131199","exact_socp","8474","7049","739932.000","6863","60000.000","37000.000","96000.000","0.983","0.806","0.804","0.981","0.566","0.791","0.839","0.752","0.856","0.950","src_census_acs_2024_1yr_pums_api","acs_api_records=8474|employed_records=7049|wage_record_share=0.974|query_mode=exact_socp"
"occ_13_2011_00","13-2011.00","2024","acs_1yr_pums","132011","exact_socp","20814","17673","1744196.000","16830","80000.000","54000.000","115000.000","0.762","0.581","0.579","0.894","0.485","0.795","0.831","0.731","0.720","0.950","src_census_acs_2024_1yr_pums_api","acs_api_records=20814|employed_records=17673|wage_record_share=0.952|query_mode=exact_socp"
"occ_13_2051_00","13-2051.00","2024","acs_1yr_pums","132051","exact_socp","4146","3633","380057.000","3548","92000.000","66000.000","130000.000","0.696","0.355","0.612","0.925","0.394","0.771","0.863","0.709","0.690","0.950","src_census_acs_2024_1yr_pums_api","acs_api_records=4146|employed_records=3633|wage_record_share=0.977|query_mode=exact_socp"
"occ_15_1211_00","15-1211.00","2024","acs_1yr_pums","151211","exact_socp","7498","6568","696154.000","6487","85000.000","63000.000","115000.000","0.612","0.097","0.698","0.950","0.425","0.786","0.864","0.723","0.671","0.950","src_census_acs_2024_1yr_pums_api","acs_api_records=7498|employed_records=6568|wage_record_share=0.988|query_mode=exact_socp"
"occ_15_1252_00","15-1252.00","2024","acs_1yr_pums","151252","exact_socp","24270","21827","2315771.000","21558","130000.000","94000.000","180000.000","0.662","0.258","0.629","0.804","0.217","0.756","0.385","0.491","0.588","0.950","src_census_acs_2024_1yr_pums_api","acs_api_records=24270|employed_records=21827|wage_record_share=0.988|query_mode=exact_socp"
"occ_15_2031_00","15-2031.00","2024","acs_1yr_pums","152031","exact_socp","2460","2154","207249.000","2142","92000.000","65000.000","120000.000","0.598","0.065","0.713","0.943","0.735","0.783","0.983","0.841","0.690","0.950","src_census_acs_2024_1yr_pums_api","acs_api_records=2460|employed_records=2154|wage_record_share=0.994|query_mode=exact_socp"
"occ_15_2051_00","15-2051.00","2024","acs_1yr_pums","152051","proxy_estimate","0","0","0.000","0","","","","","","","","","","","","0.490","0.450","src_onet_30_1|src_bls_oews_2024","proxy_estimate|h_idx_method=onet_soc_breadth_industry_distribution|evidence=ml_analytics_research_paths_span_tech_finance_healthcare_pharma_consistent_core_skills_python_ml_statistics|query_mode=proxy_estimate"
"occ_17_2072_00","17-2072.00","2024","acs_1yr_pums","172070","grouped_zero_fallback","3614","3034","299447.000","2991","110000.000","82000.000","150000.000","0.618","0.161","0.655","0.926","0.295","0.793","0.232","0.472","0.615","0.950","src_census_acs_2024_1yr_pums_api","acs_api_records=3614|employed_records=3034|wage_record_share=0.986|query_mode=grouped_zero_fallback"
"occ_17_2141_00","17-2141.00","2024","acs_1yr_pums","172141","exact_socp","4303","3745","384286.000","3715","100000.000","77000.000","130000.000","0.530","0.000","0.607","0.889","0.152","0.774","0.180","0.411","0.545","0.950","src_census_acs_2024_1yr_pums_api","acs_api_records=4303|employed_records=3745|wage_record_share=0.992|query_mode=exact_socp"
"occ_23_1011_00","23-1011.00","2024","acs_1yr_pums","231011","no_rows","0","0","0.000","0","","","","","","","","","","","","","0.350","src_census_acs_2024_1yr_pums_api","acs_api_records=0|employed_records=0|wage_record_share=0.000|query_mode=no_rows"
"occ_23_2011_00","23-2011.00","2024","acs_1yr_pums","232011","exact_socp","5805","4735","491790.000","4642","55000.000","39200.000","75000.000","0.651","0.226","0.769","0.383","0.373","0.799","0.296","0.516","0.475","0.950","src_census_acs_2024_1yr_pums_api","acs_api_records=5805|employed_records=4735|wage_record_share=0.980|query_mode=exact_socp"
"occ_27_1024_00","27-1024.00","2024","acs_1yr_pums","271024","exact_socp","3926","3298","339495.000","2830","54000.000","35000.000","75000.000","0.741","0.516","0.613","0.899","0.573","0.777","0.872","0.759","0.723","0.936","src_census_acs_2024_1yr_pums_api","acs_api_records=3926|employed_records=3298|wage_record_share=0.858|query_mode=exact_socp"
"occ_27_3023_00","27-3023.00","2024","acs_1yr_pums","273023","exact_socp","1029","822","85938.000","768","60000.000","37000.000","99000.000","1.033","0.871","0.513","0.759","0.467","0.780","0.963","0.766","0.721","0.886","src_census_acs_2024_1yr_pums_api","acs_api_records=1029|employed_records=822|wage_record_share=0.934|query_mode=exact_socp"
"occ_27_3031_00","27-3031.00","2024","acs_1yr_pums","273031","exact_socp","1821","1558","160918.000","1508","75000.000","46000.000","125000.000","1.053","0.903","0.656","0.945","0.715","0.781","0.638","0.714","0.818","0.935","src_census_acs_2024_1yr_pums_api","acs_api_records=1821|employed_records=1558|wage_record_share=0.968|query_mode=exact_socp"
"occ_27_3041_00","27-3041.00","2024","acs_1yr_pums","273041","exact_socp","1578","1286","115526.000","1128","65000.000","37000.000","95000.000","0.892","0.742","0.650","0.895","0.601","0.797","0.763","0.736","0.772","0.902","src_census_acs_2024_1yr_pums_api","acs_api_records=1578|employed_records=1286|wage_record_share=0.877|query_mode=exact_socp"
"occ_27_3042_00","27-3042.00","2024","acs_1yr_pums","273042","exact_socp","764","608","56317.000","596","80000.000","60000.000","110000.000","0.625","0.194","0.693","0.927","0.304","0.789","0.804","0.673","0.671","0.871","src_census_acs_2024_1yr_pums_api","acs_api_records=764|employed_records=608|wage_record_share=0.980|query_mode=exact_socp"
"occ_27_3043_00","27-3043.00","2024","acs_1yr_pums","273043","exact_socp","3493","2620","251819.000","2033","60000.000","30000.000","90000.000","1.000","0.839","0.668","0.905","0.731","0.795","0.780","0.774","0.806","0.909","src_census_acs_2024_1yr_pums_api","acs_api_records=3493|employed_records=2620|wage_record_share=0.776|query_mode=exact_socp"
"occ_41_3011_00","41-3011.00","2024","acs_1yr_pums","413011","exact_socp","1224","985","102837.000","937","70000.000","40000.000","135000.000","1.357","1.000","0.641","0.719","0.287","0.795","0.917","0.711","0.754","0.903","src_census_acs_2024_1yr_pums_api","acs_api_records=1224|employed_records=985|wage_record_share=0.951|query_mode=exact_socp"
"occ_41_3091_00","41-3091.00","2024","acs_1yr_pums","413091","exact_socp","8433","7103","772853.000","6859","80000.000","45000.000","140000.000","1.188","0.968","0.745","0.906","0.218","0.794","0.628","0.592","0.815","0.950","src_census_acs_2024_1yr_pums_api","acs_api_records=8433|employed_records=7103|wage_record_share=0.966|query_mode=exact_socp"
"occ_43_3031_00","43-3031.00","2024","acs_1yr_pums","433031","exact_socp","17390","13547","1271904.000","12835","45000.000","30000.000","60000.000","0.667","0.290","0.833","0.971","0.487","0.780","0.299","0.538","0.714","0.950","src_census_acs_2024_1yr_pums_api","acs_api_records=17390|employed_records=13547|wage_record_share=0.947|query_mode=exact_socp"
"occ_43_4051_00","43-4051.00","2024","acs_1yr_pums","434051","exact_socp","34026","26623","2996661.000","26376","35000.000","20000.000","52000.000","0.914","0.774","0.833","0.981","0.253","0.772","0.693","0.615","0.829","0.950","src_census_acs_2024_1yr_pums_api","acs_api_records=34026|employed_records=26623|wage_record_share=0.991|query_mode=exact_socp"
"occ_43_6011_00","43-6011.00","2024","acs_1yr_pums","436011","exact_socp","3431","2797","264708.000","2767","70000.000","50000.000","90000.000","0.571","0.032","0.788","0.978","0.572","0.789","0.134","0.506","0.647","0.950","src_census_acs_2024_1yr_pums_api","acs_api_records=3431|employed_records=2797|wage_record_share=0.989|query_mode=exact_socp"
"occ_43_6014_00","43-6014.00","2024","acs_1yr_pums","436014","exact_socp","28986","21914","2046160.000","21422","40000.000","25000.000","55000.000","0.750","0.548","0.829","0.964","0.650","0.793","0.147","0.531","0.761","0.950","src_census_acs_2024_1yr_pums_api","acs_api_records=28986|employed_records=21914|wage_record_share=0.978|query_mode=exact_socp"
"occ_43_9061_00","43-9061.00","2024","acs_1yr_pums","439061","exact_socp","18493","13662","1330918.000","13442","35000.000","19000.000","50000.000","0.886","0.710","0.831","0.976","0.639","0.795","0.393","0.616","0.814","0.950","src_census_acs_2024_1yr_pums_api","acs_api_records=18493|employed_records=13662|wage_record_share=0.984|query_mode=exact_socp"
"occ_43_9111_00","43-9111.00","2024","acs_1yr_pums","439111","exact_socp","582","494","51828.000","490","64000.000","45000.000","90000.000","0.703","0.419","0.815","0.974","0.484","0.778","0.967","0.771","0.783","0.854","src_census_acs_2024_1yr_pums_api","acs_api_records=582|employed_records=494|wage_record_share=0.992|query_mode=exact_socp"
"occ_11_3071_00","11-3071.00","2024","acs_1yr_pums","113071","proxy_estimate","0","0","0.000","0","","","","","","","","","","","","0.750","0.450","src_onet_30_1|src_bls_oews_2024","proxy_estimate|h_idx_method=onet_soc_breadth_industry_distribution|evidence=spans_retail_manufacturing_logistics_ecommerce_government_distribution_wide_wage_and_scale_variation|query_mode=proxy_estimate"
"occ_11_9141_00","11-9141.00","2024","acs_1yr_pums","119141","proxy_estimate","0","0","0.000","0","","","","","","","","","","","","0.810","0.450","src_onet_30_1|src_bls_oews_2024","proxy_estimate|h_idx_method=onet_soc_breadth_industry_distribution|evidence=residential_vs_commercial_vs_hoa_wide_wage_dispersion_35k_to_120k_and_credential_breadth_re_license_to_mba|query_mode=proxy_estimate"
"occ_13_1023_00","13-1023.00","2024","acs_1yr_pums","131023","proxy_estimate","0","0","0.000","0","","","","","","","","","","","","0.730","0.450","src_onet_30_1|src_bls_oews_2024","proxy_estimate|h_idx_method=onet_soc_breadth_industry_distribution|evidence=manufacturing_technical_specs_vs_government_bid_compliance_vs_healthcare_regulated_procurement_wage_50k_90k|query_mode=proxy_estimate"
"occ_13_1051_00","13-1051.00","2024","acs_1yr_pums","131051","proxy_estimate","0","0","0.000","0","","","","","","","","","","","","0.740","0.450","src_onet_30_1|src_bls_oews_2024","proxy_estimate|h_idx_method=onet_soc_breadth_industry_distribution|evidence=construction_estimating_vs_manufacturing_cost_analysis_vs_defense_contracting_bls_notes_multiple_specializations|query_mode=proxy_estimate"
"occ_15_1244_00","15-1244.00","2024","acs_1yr_pums","151244","proxy_estimate","0","0","0.000","0","","","","","","","","","","","","0.660","0.450","src_onet_30_1|src_bls_oews_2024","proxy_estimate|h_idx_method=onet_soc_breadth_industry_distribution|evidence=smb_generalist_to_enterprise_network_specialist_spans_education_healthcare_finance_tech_government|query_mode=proxy_estimate"
"occ_43_1011_00","43-1011.00","2024","acs_1yr_pums","431011","proxy_estimate","0","0","0.000","0","","","","","","","","","","","","0.760","0.450","src_onet_30_1|src_bls_oews_2024","proxy_estimate|h_idx_method=onet_soc_breadth_industry_distribution|evidence=supervises_admin_support_across_all_major_industries_wage_42k_85k_plus_education_hs_to_bachelors|query_mode=proxy_estimate"
"occ_43_4171_00","43-4171.00","2024","acs_1yr_pums","434171","proxy_estimate","0","0","0.000","0","","","","","","","","","","","","0.730","0.450","src_onet_30_1|src_bls_oews_2024","proxy_estimate|h_idx_method=onet_soc_breadth_industry_distribution|evidence=healthcare_30pct_business_services_20pct_accommodation_15pct_legal_10pct_high_industry_dispersion_compressed_wage|query_mode=proxy_estimate"
"occ_43_9041_00","43-9041.00","2024","acs_1yr_pums","439041","proxy_estimate","0","0","0.000","0","","","","","","","","","","","","0.640","0.450","src_onet_30_1|src_bls_oews_2024","proxy_estimate|h_idx_method=onet_soc_breadth_industry_distribution|evidence=health_claims_vs_pc_claims_vs_life_disability_distinct_work_modes_moderate_industry_concentration|query_mode=proxy_estimate"
"occ_11_2021_00","11-2021.00","2024","acs_1yr_pums","112021","proxy_estimate","0","0","0.000","0","","","","","","","","","","","","0.770","0.450","src_onet_30_1|src_bls_oews_2024","proxy_estimate|h_idx_method=onet_soc_breadth_industry_distribution|evidence=brand_digital_product_b2b_b2c_agency_vs_inhouse_cmos_wide_industry_and_function_breadth_wage_80k_200k_plus|query_mode=proxy_estimate"
"occ_11_3021_00","11-3021.00","2024","acs_1yr_pums","113021","proxy_estimate","0","0","0.000","0","","","","","","","","","","","","0.480","0.450","src_onet_30_1|src_bls_oews_2024","proxy_estimate|h_idx_method=onet_soc_breadth_industry_distribution|evidence=it_directors_across_industries_specialized_management_consistent_function_moderate_industry_variance|query_mode=proxy_estimate"
"occ_11_9041_00","11-9041.00","2024","acs_1yr_pums","119041","proxy_estimate","0","0","0.000","0","","","","","","","","","","","","0.460","0.450","src_onet_30_1|src_bls_oews_2024","proxy_estimate|h_idx_method=onet_soc_breadth_industry_distribution|evidence=specialized_engineering_management_consistent_project_delivery_function_across_civil_mechanical_electrical_defense|query_mode=proxy_estimate"
"occ_15_1212_00","15-1212.00","2024","acs_1yr_pums","151212","proxy_estimate","0","0","0.000","0","","","","","","","","","","","","0.490","0.450","src_onet_30_1|src_bls_oews_2024","proxy_estimate|h_idx_method=onet_soc_breadth_industry_distribution|evidence=soc_analyst_to_ciso_adjacent_spans_healthcare_hipaa_finance_sox_defense_nist_core_ir_va_function_consistent|query_mode=proxy_estimate"
"occ_15_1241_00","15-1241.00","2024","acs_1yr_pums","151241","proxy_estimate","0","0","0.000","0","","","","","","","","","","","","0.460","0.450","src_onet_30_1|src_bls_oews_2024","proxy_estimate|h_idx_method=onet_soc_breadth_industry_distribution|evidence=highly_specialized_consistent_enterprise_network_design_function_lower_heterogeneity_than_generalist_it|query_mode=proxy_estimate"
"occ_15_1253_00","15-1253.00","2024","acs_1yr_pums","151253","proxy_estimate","0","0","0.000","0","","","","","","","","","","","","0.580","0.450","src_onet_30_1|src_bls_oews_2024","proxy_estimate|h_idx_method=onet_soc_breadth_industry_distribution|evidence=qa_contexts_vary_by_industry_gaming_fintech_healthcare_software_regulatory_requirements_differ|query_mode=proxy_estimate"
"occ_17_2051_00","17-2051.00","2024","acs_1yr_pums","172051","proxy_estimate","0","0","0.000","0","","","","","","","","","","","","0.490","0.450","src_onet_30_1|src_bls_oews_2024","proxy_estimate|h_idx_method=onet_soc_breadth_industry_distribution|evidence=structural_transport_environmental_geotechnical_subfields_mostly_public_infrastructure_pe_license_uniform|query_mode=proxy_estimate"
"occ_17_2071_00","17-2071.00","2024","acs_1yr_pums","172071","proxy_estimate","0","0","0.000","0","","","","","","","","","","","","0.490","0.450","src_onet_30_1|src_bls_oews_2024","proxy_estimate|h_idx_method=onet_soc_breadth_industry_distribution|evidence=power_systems_electronics_communications_controls_spans_utilities_manufacturing_defense_tech_some_wage_variance|query_mode=proxy_estimate"
"occ_17_2112_00","17-2112.00","2024","acs_1yr_pums","172112","proxy_estimate","0","0","0.000","0","","","","","","","","","","","","0.490","0.450","src_onet_30_1|src_bls_oews_2024","proxy_estimate|h_idx_method=onet_soc_breadth_industry_distribution|evidence=process_improvement_ops_research_manufacturing_engineering_healthcare_operations_consulting_similar_core_methods|query_mode=proxy_estimate"
"occ_43_3021_00","43-3021.00","2024","acs_1yr_pums","433021","proxy_estimate","0","0","0.000","0","","","","","","","","","","","","0.660","0.450","src_onet_30_1|src_bls_oews_2024","proxy_estimate|h_idx_method=onet_soc_breadth_industry_distribution|evidence=medical_billing_cpt_icd_codes_vs_legal_billing_vs_utilities_healthcare_billing_requires_specialized_training|query_mode=proxy_estimate"
"occ_43_4031_00","43-4031.00","2024","acs_1yr_pums","434031","proxy_estimate","0","0","0.000","0","","","","","","","","","","","","0.650","0.450","src_onet_30_1|src_bls_oews_2024","proxy_estimate|h_idx_method=onet_soc_breadth_industry_distribution|evidence=court_clerks_vs_municipal_clerks_vs_licensing_clerks_government_concentrated_but_function_variation_across_types|query_mode=proxy_estimate"
"occ_43_4131_00","43-4131.00","2024","acs_1yr_pums","434131","proxy_estimate","0","0","0.000","0","","","","","","","","","","","","0.680","0.450","src_onet_30_1|src_bls_oews_2024","proxy_estimate|h_idx_method=onet_soc_breadth_industry_distribution|evidence=mortgage_intake_vs_commercial_loan_processing_vs_consumer_auto_loans_distinct_regulatory_and_documentation_requirements|query_mode=proxy_estimate"
"occ_15_1232_00","15-1232.00","2024","acs_1yr_pums","151232","proxy_estimate","0","0","0.000","0","","","","","","","","","","","","0.780","0.450","src_onet_30_1|src_bls_oews_2024","proxy_estimate|h_idx_method=onet_soc_breadth_industry_distribution|evidence=tier1_helpdesk_vs_enterprise_network_support_vs_healthcare_it_vs_manufacturing_operations_support_wide_industry_and_complexity_distribution|query_mode=proxy_estimate"
