"occupation_id","from_task_id","to_task_id","dependency_type","dependency_strength","edge_source","edge_confidence","notes"
"occ_11_1021_00","task_occ_11_1021_00_20700","task_occ_11_1021_00_jd_gm_03","feeds","0.1074","src_v2_role_graph_seed_2026_03","0.6670","seeded_from_cluster_dependency_proxy"
"occ_11_1021_00","task_occ_11_1021_00_20700","task_occ_11_1021_00_jd_gm2_03","feeds","0.0742","src_v2_role_graph_seed_2026_03","0.5583","seeded_from_cluster_dependency_proxy"
"occ_11_1021_00","task_occ_11_1021_00_933","task_occ_11_1021_00_jd_gm_03","feeds","0.1074","src_v2_role_graph_seed_2026_03","0.6670","seeded_from_cluster_dependency_proxy"
"occ_11_1021_00","task_occ_11_1021_00_933","task_occ_11_1021_00_jd_gm2_03","feeds","0.0742","src_v2_role_graph_seed_2026_03","0.5583","seeded_from_cluster_dependency_proxy"
"occ_11_1021_00","task_occ_11_1021_00_jd_gm_01","task_occ_11_1021_00_jd_gm_02","feeds","0.6000","src_manual_role_graph_review_2026_03","0.8400","reviewed_job_posting_dependency"
"occ_11_1021_00","task_occ_11_1021_00_jd_gm_02","task_occ_11_1021_00_jd_gm_03","supports","0.5600","src_manual_role_graph_review_2026_03","0.8200","reviewed_job_posting_dependency"
"occ_11_1021_00","task_occ_11_1021_00_jd_gm_03","task_occ_11_1021_00_jd_gm_04","feeds","0.5800","src_manual_role_graph_review_2026_03","0.8400","reviewed_job_posting_dependency"
"occ_11_1021_00","task_occ_11_1021_00_manual_gm_01","task_occ_11_1021_00_manual_gm_02","feeds","0.5700","src_manual_role_graph_review_2026_03","0.8400","manual_role_graph_dependency"
"occ_11_1021_00","task_occ_11_1021_00_manual_gm_02","task_occ_11_1021_00_manual_gm_03","supports","0.5400","src_manual_role_graph_review_2026_03","0.8200","manual_role_graph_dependency"
"occ_11_2021_00","task_occ_11_2021_00_20709","task_occ_11_2021_00_jd_mmgr2_02","feeds","0.0747","src_v2_role_graph_seed_2026_03","0.6323","seeded_from_cluster_dependency_proxy"
"occ_11_2021_00","task_occ_11_2021_00_20709","task_occ_11_2021_00_jd_mmgr2_03","feeds","0.1076","src_v2_role_graph_seed_2026_03","0.6623","seeded_from_cluster_dependency_proxy"
"occ_11_2021_00","task_occ_11_2021_00_951","task_occ_11_2021_00_jd_mmgr2_02","feeds","0.0747","src_v2_role_graph_seed_2026_03","0.6323","seeded_from_cluster_dependency_proxy"
"occ_11_2021_00","task_occ_11_2021_00_951","task_occ_11_2021_00_jd_mmgr2_03","feeds","0.1076","src_v2_role_graph_seed_2026_03","0.6623","seeded_from_cluster_dependency_proxy"
"occ_11_2022_00","task_occ_11_2022_00_1","task_occ_11_2022_00_jd_sm2_01","feeds","0.0732","src_v2_role_graph_seed_2026_03","0.6103","seeded_from_cluster_dependency_proxy"
"occ_11_2022_00","task_occ_11_2022_00_1","task_occ_11_2022_00_jd_sm2_02","feeds","0.1066","src_v2_role_graph_seed_2026_03","0.6292","seeded_from_cluster_dependency_proxy"
"occ_11_2022_00","task_occ_11_2022_00_14","task_occ_11_2022_00_jd_sm2_01","feeds","0.0732","src_v2_role_graph_seed_2026_03","0.6103","seeded_from_cluster_dependency_proxy"
"occ_11_2022_00","task_occ_11_2022_00_14","task_occ_11_2022_00_jd_sm2_02","feeds","0.1066","src_v2_role_graph_seed_2026_03","0.6292","seeded_from_cluster_dependency_proxy"
"occ_11_2022_00","task_occ_11_2022_00_manual_sm_01","task_occ_11_2022_00_manual_sm_02","supports","0.5300","src_manual_role_graph_review_2026_03","0.8200","manual_role_graph_dependency"
"occ_11_2022_00","task_occ_11_2022_00_manual_sm_02","task_occ_11_2022_00_manual_sm_03","feeds","0.5600","src_manual_role_graph_review_2026_03","0.8400","manual_role_graph_dependency"
"occ_11_3021_00","task_occ_11_3021_00_15198","task_occ_11_3021_00_jd_itm_03","feeds","0.1082","src_v2_role_graph_seed_2026_03","0.5567","seeded_from_cluster_dependency_proxy"
"occ_11_3021_00","task_occ_11_3021_00_15198","task_occ_11_3021_00_jd_itm_04","feeds","0.0749","src_v2_role_graph_seed_2026_03","0.6654","seeded_from_cluster_dependency_proxy"
"occ_11_3021_00","task_occ_11_3021_00_966","task_occ_11_3021_00_jd_itm_03","feeds","0.1082","src_v2_role_graph_seed_2026_03","0.5388","seeded_from_cluster_dependency_proxy"
"occ_11_3021_00","task_occ_11_3021_00_966","task_occ_11_3021_00_jd_itm_04","feeds","0.0749","src_v2_role_graph_seed_2026_03","0.6474","seeded_from_cluster_dependency_proxy"
"occ_11_3021_00","task_occ_11_3021_00_manual_itm_01","task_occ_11_3021_00_manual_itm_02","feeds","0.5800","src_manual_role_graph_review_2026_03","0.8400","manual_role_graph_dependency"
"occ_11_3021_00","task_occ_11_3021_00_manual_itm_02","task_occ_11_3021_00_manual_itm_03","supports","0.5000","src_manual_role_graph_review_2026_03","0.8200","manual_role_graph_dependency"
"occ_11_3031_00","task_occ_11_3031_00_21311","task_occ_11_3031_00_jd_fm_04","feeds","0.0748","src_v2_role_graph_seed_2026_03","0.7016","seeded_from_cluster_dependency_proxy"
"occ_11_3031_00","task_occ_11_3031_00_21311","task_occ_11_3031_00_jd_fm2_02","feeds","0.1083","src_v2_role_graph_seed_2026_03","0.6465","seeded_from_cluster_dependency_proxy"
"occ_11_3031_00","task_occ_11_3031_00_21312","task_occ_11_3031_00_jd_fm_04","feeds","0.0748","src_v2_role_graph_seed_2026_03","0.7016","seeded_from_cluster_dependency_proxy"
"occ_11_3031_00","task_occ_11_3031_00_21312","task_occ_11_3031_00_jd_fm2_02","feeds","0.1083","src_v2_role_graph_seed_2026_03","0.6465","seeded_from_cluster_dependency_proxy"
"occ_11_3031_00","task_occ_11_3031_00_manual_fm_01","task_occ_11_3031_00_manual_fm_02","feeds","0.5600","src_manual_role_graph_review_2026_03","0.8400","manual_role_graph_dependency"
"occ_11_3031_00","task_occ_11_3031_00_manual_fm_02","task_occ_11_3031_00_manual_fm_03","supports","0.5200","src_manual_role_graph_review_2026_03","0.8200","manual_role_graph_dependency"
"occ_11_3071_00","task_occ_11_3071_00_21340","task_occ_11_3071_00_jd_tsdm2_02","feeds","0.0753","src_v2_role_graph_seed_2026_03","0.6465","seeded_from_cluster_dependency_proxy"
"occ_11_3071_00","task_occ_11_3071_00_21340","task_occ_11_3071_00_jd_tsdm2_04","feeds","0.1050","src_v2_role_graph_seed_2026_03","0.5946","seeded_from_cluster_dependency_proxy"
"occ_11_3071_00","task_occ_11_3071_00_21343","task_occ_11_3071_00_jd_tsdm2_02","feeds","0.0753","src_v2_role_graph_seed_2026_03","0.6465","seeded_from_cluster_dependency_proxy"
"occ_11_3071_00","task_occ_11_3071_00_21343","task_occ_11_3071_00_jd_tsdm2_04","feeds","0.1050","src_v2_role_graph_seed_2026_03","0.5946","seeded_from_cluster_dependency_proxy"
"occ_11_3121_00","task_occ_11_3121_00_990","task_occ_11_3121_00_jd_hrm_03","feeds","0.0745","src_v2_role_graph_seed_2026_03","0.6292","seeded_from_cluster_dependency_proxy"
"occ_11_3121_00","task_occ_11_3121_00_990","task_occ_11_3121_00_jd_hrm2_03","feeds","0.1062","src_v2_role_graph_seed_2026_03","0.5583","seeded_from_cluster_dependency_proxy"
"occ_11_3121_00","task_occ_11_3121_00_991","task_occ_11_3121_00_jd_hrm_03","feeds","0.0745","src_v2_role_graph_seed_2026_03","0.6292","seeded_from_cluster_dependency_proxy"
"occ_11_3121_00","task_occ_11_3121_00_991","task_occ_11_3121_00_jd_hrm2_03","feeds","0.1062","src_v2_role_graph_seed_2026_03","0.5583","seeded_from_cluster_dependency_proxy"
"occ_11_9041_00","task_occ_11_9041_00_20170","task_occ_11_9041_00_jd_aem_04","feeds","0.0752","src_v2_role_graph_seed_2026_03","0.6654","seeded_from_cluster_dependency_proxy"
"occ_11_9041_00","task_occ_11_9041_00_20170","task_occ_11_9041_00_jd_aem2_02","feeds","0.1057","src_v2_role_graph_seed_2026_03","0.6308","seeded_from_cluster_dependency_proxy"
"occ_11_9041_00","task_occ_11_9041_00_20171","task_occ_11_9041_00_jd_aem_04","feeds","0.0752","src_v2_role_graph_seed_2026_03","0.6654","seeded_from_cluster_dependency_proxy"
"occ_11_9041_00","task_occ_11_9041_00_20171","task_occ_11_9041_00_jd_aem2_02","feeds","0.1057","src_v2_role_graph_seed_2026_03","0.6308","seeded_from_cluster_dependency_proxy"
"occ_11_9141_00","task_occ_11_9141_00_7223","task_occ_11_9141_00_jd_prop_03","feeds","0.1079","src_v2_role_graph_seed_2026_03","0.7032","seeded_from_cluster_dependency_proxy"
"occ_11_9141_00","task_occ_11_9141_00_7223","task_occ_11_9141_00_jd_prop2_02","feeds","0.0737","src_v2_role_graph_seed_2026_03","0.7001","seeded_from_cluster_dependency_proxy"
"occ_11_9141_00","task_occ_11_9141_00_7224","task_occ_11_9141_00_jd_prop_03","feeds","0.1079","src_v2_role_graph_seed_2026_03","0.7032","seeded_from_cluster_dependency_proxy"
"occ_11_9141_00","task_occ_11_9141_00_7224","task_occ_11_9141_00_jd_prop2_02","feeds","0.0737","src_v2_role_graph_seed_2026_03","0.7001","seeded_from_cluster_dependency_proxy"
"occ_13_1023_00","task_occ_13_1023_00_1142","task_occ_13_1023_00_jd_proc_02","feeds","0.1081","src_v2_role_graph_seed_2026_03","0.6969","seeded_from_cluster_dependency_proxy"
"occ_13_1023_00","task_occ_13_1023_00_1142","task_occ_13_1023_00_jd_proc2_02","feeds","0.0746","src_v2_role_graph_seed_2026_03","0.7079","seeded_from_cluster_dependency_proxy"
"occ_13_1023_00","task_occ_13_1023_00_1146","task_occ_13_1023_00_jd_proc_02","feeds","0.1081","src_v2_role_graph_seed_2026_03","0.6969","seeded_from_cluster_dependency_proxy"
"occ_13_1023_00","task_occ_13_1023_00_1146","task_occ_13_1023_00_jd_proc2_02","feeds","0.0746","src_v2_role_graph_seed_2026_03","0.7079","seeded_from_cluster_dependency_proxy"
"occ_13_1031_00","task_occ_13_1031_00_21417","task_occ_13_1031_00_jd_clm2_01","feeds","0.0745","src_v2_role_graph_seed_2026_03","0.6008","seeded_from_cluster_dependency_proxy"
"occ_13_1031_00","task_occ_13_1031_00_21417","task_occ_13_1031_00_jd_clm2_04","feeds","0.1065","src_v2_role_graph_seed_2026_03","0.6103","seeded_from_cluster_dependency_proxy"
"occ_13_1031_00","task_occ_13_1031_00_21418","task_occ_13_1031_00_jd_clm2_01","feeds","0.0745","src_v2_role_graph_seed_2026_03","0.6008","seeded_from_cluster_dependency_proxy"
"occ_13_1031_00","task_occ_13_1031_00_21418","task_occ_13_1031_00_jd_clm2_04","feeds","0.1065","src_v2_role_graph_seed_2026_03","0.6103","seeded_from_cluster_dependency_proxy"
"occ_13_1041_00","task_occ_13_1041_00_21446","task_occ_13_1041_00_jd_co_02","feeds","0.0749","src_v2_role_graph_seed_2026_03","0.6717","seeded_from_cluster_dependency_proxy"
"occ_13_1041_00","task_occ_13_1041_00_21446","task_occ_13_1041_00_jd_co3_03","feeds","0.1063","src_v2_role_graph_seed_2026_03","0.7032","seeded_from_cluster_dependency_proxy"
"occ_13_1041_00","task_occ_13_1041_00_21446","task_occ_13_1041_00_jd_co3_04","feeds","0.0738","src_v2_role_graph_seed_2026_03","0.6717","seeded_from_cluster_dependency_proxy"
"occ_13_1041_00","task_occ_13_1041_00_21447","task_occ_13_1041_00_jd_co_02","feeds","0.0749","src_v2_role_graph_seed_2026_03","0.6717","seeded_from_cluster_dependency_proxy"
"occ_13_1041_00","task_occ_13_1041_00_21447","task_occ_13_1041_00_jd_co3_03","feeds","0.1063","src_v2_role_graph_seed_2026_03","0.7032","seeded_from_cluster_dependency_proxy"
"occ_13_1041_00","task_occ_13_1041_00_21447","task_occ_13_1041_00_jd_co3_04","feeds","0.0738","src_v2_role_graph_seed_2026_03","0.6717","seeded_from_cluster_dependency_proxy"
"occ_13_1041_00","task_occ_13_1041_00_jd_co_01","task_occ_13_1041_00_jd_co_02","feeds","0.6000","src_manual_role_graph_review_2026_03","0.8400","reviewed_job_posting_dependency"
"occ_13_1041_00","task_occ_13_1041_00_jd_co_02","task_occ_13_1041_00_jd_co_03","supports","0.5600","src_manual_role_graph_review_2026_03","0.8200","reviewed_job_posting_dependency"
"occ_13_1041_00","task_occ_13_1041_00_jd_co_03","task_occ_13_1041_00_jd_co_04","feeds","0.5800","src_manual_role_graph_review_2026_03","0.8400","reviewed_job_posting_dependency"
"occ_13_1051_00","task_occ_13_1051_00_80","task_occ_13_1051_00_jd_est2_03","feeds","0.0755","src_v2_role_graph_seed_2026_03","0.6465","seeded_from_cluster_dependency_proxy"
"occ_13_1051_00","task_occ_13_1051_00_80","task_occ_13_1051_00_jd_est2_04","feeds","0.1073","src_v2_role_graph_seed_2026_03","0.6780","seeded_from_cluster_dependency_proxy"
"occ_13_1051_00","task_occ_13_1051_00_83","task_occ_13_1051_00_jd_est2_03","feeds","0.0755","src_v2_role_graph_seed_2026_03","0.6465","seeded_from_cluster_dependency_proxy"
"occ_13_1051_00","task_occ_13_1051_00_83","task_occ_13_1051_00_jd_est2_04","feeds","0.1073","src_v2_role_graph_seed_2026_03","0.6780","seeded_from_cluster_dependency_proxy"
"occ_13_1051_00","task_occ_13_1051_00_manual_est_01","task_occ_13_1051_00_manual_est_02","feeds","0.5700","src_manual_role_graph_review_2026_03","0.8400","manual_role_graph_dependency"
"occ_13_1051_00","task_occ_13_1051_00_manual_est_02","task_occ_13_1051_00_manual_est_03","supports","0.5300","src_manual_role_graph_review_2026_03","0.8200","manual_role_graph_dependency"
"occ_13_1071_00","task_occ_13_1071_00_18859","task_occ_13_1071_00_jd_hr_02","feeds","0.1082","src_v2_role_graph_seed_2026_03","0.6528","seeded_from_cluster_dependency_proxy"
"occ_13_1071_00","task_occ_13_1071_00_18859","task_occ_13_1071_00_jd_hr2_03","feeds","0.0749","src_v2_role_graph_seed_2026_03","0.6623","seeded_from_cluster_dependency_proxy"
"occ_13_1071_00","task_occ_13_1071_00_18871","task_occ_13_1071_00_jd_hr_02","feeds","0.1082","src_v2_role_graph_seed_2026_03","0.6528","seeded_from_cluster_dependency_proxy"
"occ_13_1071_00","task_occ_13_1071_00_18871","task_occ_13_1071_00_jd_hr2_03","feeds","0.0749","src_v2_role_graph_seed_2026_03","0.6623","seeded_from_cluster_dependency_proxy"
"occ_13_1071_00","task_occ_13_1071_00_jd_hr_01","task_occ_13_1071_00_jd_hr_04","feeds","0.5900","src_manual_role_graph_review_2026_03","0.8400","reviewed_job_posting_dependency"
"occ_13_1071_00","task_occ_13_1071_00_jd_hr_02","task_occ_13_1071_00_jd_hr_01","supports","0.5700","src_manual_role_graph_review_2026_03","0.8200","reviewed_job_posting_dependency"
"occ_13_1071_00","task_occ_13_1071_00_jd_hr_03","task_occ_13_1071_00_jd_hr_04","supports","0.5500","src_manual_role_graph_review_2026_03","0.8200","reviewed_job_posting_dependency"
"occ_13_1081_00","task_occ_13_1081_00_8932","task_occ_13_1081_00_jd_log2_01","feeds","0.1075","src_v2_role_graph_seed_2026_03","0.6827","seeded_from_cluster_dependency_proxy"
"occ_13_1081_00","task_occ_13_1081_00_8932","task_occ_13_1081_00_jd_log2_03","feeds","0.0748","src_v2_role_graph_seed_2026_03","0.6465","seeded_from_cluster_dependency_proxy"
"occ_13_1081_00","task_occ_13_1081_00_8933","task_occ_13_1081_00_jd_log2_01","feeds","0.1075","src_v2_role_graph_seed_2026_03","0.6827","seeded_from_cluster_dependency_proxy"
"occ_13_1081_00","task_occ_13_1081_00_8933","task_occ_13_1081_00_jd_log2_03","feeds","0.0748","src_v2_role_graph_seed_2026_03","0.6465","seeded_from_cluster_dependency_proxy"
"occ_13_1081_00","task_occ_13_1081_00_jd_log_01","task_occ_13_1081_00_jd_log_03","feeds","0.5800","src_manual_role_graph_review_2026_03","0.8400","reviewed_job_posting_dependency"
"occ_13_1081_00","task_occ_13_1081_00_jd_log_02","task_occ_13_1081_00_jd_log_01","feeds","0.6000","src_manual_role_graph_review_2026_03","0.8400","reviewed_job_posting_dependency"
"occ_13_1081_00","task_occ_13_1081_00_jd_log_03","task_occ_13_1081_00_jd_log_04","supports","0.5600","src_manual_role_graph_review_2026_03","0.8200","reviewed_job_posting_dependency"
"occ_13_1082_00","task_occ_13_1082_00_21462","task_occ_13_1082_00_jd_pm_03","feeds","0.1071","src_v2_role_graph_seed_2026_03","0.6348","seeded_from_cluster_dependency_proxy"
"occ_13_1082_00","task_occ_13_1082_00_21462","task_occ_13_1082_00_jd_pm2_04","feeds","0.0743","src_v2_role_graph_seed_2026_03","0.6490","seeded_from_cluster_dependency_proxy"
"occ_13_1082_00","task_occ_13_1082_00_21479","task_occ_13_1082_00_jd_pm_03","feeds","0.1071","src_v2_role_graph_seed_2026_03","0.6348","seeded_from_cluster_dependency_proxy"
"occ_13_1082_00","task_occ_13_1082_00_21479","task_occ_13_1082_00_jd_pm2_04","feeds","0.0743","src_v2_role_graph_seed_2026_03","0.6490","seeded_from_cluster_dependency_proxy"
"occ_13_1082_00","task_occ_13_1082_00_jd_pm_01","task_occ_13_1082_00_jd_pm_02","feeds","0.6000","src_manual_role_graph_review_2026_03","0.8400","reviewed_job_posting_dependency"
"occ_13_1082_00","task_occ_13_1082_00_jd_pm_02","task_occ_13_1082_00_jd_pm_04","feeds","0.6300","src_manual_role_graph_review_2026_03","0.8600","reviewed_job_posting_dependency"
"occ_13_1082_00","task_occ_13_1082_00_jd_pm_03","task_occ_13_1082_00_jd_pm_04","supports","0.5700","src_manual_role_graph_review_2026_03","0.8200","reviewed_job_posting_dependency"
"occ_13_1111_00","task_occ_13_1111_00_7276","task_occ_13_1111_00_jd_ma_02","feeds","0.0740","src_v2_role_graph_seed_2026_03","0.6103","seeded_from_cluster_dependency_proxy"
"occ_13_1111_00","task_occ_13_1111_00_7276","task_occ_13_1111_00_jd_ma3_03","feeds","0.1061","src_v2_role_graph_seed_2026_03","0.6103","seeded_from_cluster_dependency_proxy"
"occ_13_1111_00","task_occ_13_1111_00_7276","task_occ_13_1111_00_jd_ma3_04","feeds","0.0735","src_v2_role_graph_seed_2026_03","0.6103","seeded_from_cluster_dependency_proxy"
"occ_13_1111_00","task_occ_13_1111_00_7286","task_occ_13_1111_00_jd_ma_02","feeds","0.0740","src_v2_role_graph_seed_2026_03","0.5923","seeded_from_cluster_dependency_proxy"
"occ_13_1111_00","task_occ_13_1111_00_7286","task_occ_13_1111_00_jd_ma3_03","feeds","0.1061","src_v2_role_graph_seed_2026_03","0.5923","seeded_from_cluster_dependency_proxy"
"occ_13_1111_00","task_occ_13_1111_00_7286","task_occ_13_1111_00_jd_ma3_04","feeds","0.0735","src_v2_role_graph_seed_2026_03","0.5923","seeded_from_cluster_dependency_proxy"
"occ_13_1111_00","task_occ_13_1111_00_jd_ma_01","task_occ_13_1111_00_jd_ma_02","feeds","0.6100","src_manual_role_graph_review_2026_03","0.8400","reviewed_job_posting_dependency"
"occ_13_1111_00","task_occ_13_1111_00_jd_ma_02","task_occ_13_1111_00_jd_ma_03","supports","0.5500","src_manual_role_graph_review_2026_03","0.8200","reviewed_job_posting_dependency"
"occ_13_1111_00","task_occ_13_1111_00_jd_ma_03","task_occ_13_1111_00_jd_ma_04","feeds","0.4900","src_manual_role_graph_review_2026_03","0.8000","reviewed_job_posting_dependency"
"occ_13_1111_00","task_occ_13_1111_00_manual_ma_01","task_occ_13_1111_00_manual_ma_02","feeds","0.5800","src_manual_role_graph_review_2026_03","0.8800","manual_role_graph_dependency"
"occ_13_1111_00","task_occ_13_1111_00_manual_ma_02","task_occ_13_1111_00_manual_ma_03","feeds","0.6400","src_manual_role_graph_review_2026_03","0.8800","manual_role_graph_dependency"
"occ_13_1111_00","task_occ_13_1111_00_manual_ma_03","task_occ_13_1111_00_manual_ma_05","supports","0.4800","src_manual_role_graph_review_2026_03","0.8000","manual_role_graph_dependency"
"occ_13_1111_00","task_occ_13_1111_00_manual_ma_04","task_occ_13_1111_00_manual_ma_03","enables","0.5200","src_manual_role_graph_review_2026_03","0.8200","manual_role_graph_dependency"
"occ_13_1151_00","task_occ_13_1151_00_19559","task_occ_13_1151_00_jd_td2_03","feeds","0.0744","src_v2_role_graph_seed_2026_03","0.6292","seeded_from_cluster_dependency_proxy"
"occ_13_1151_00","task_occ_13_1151_00_19559","task_occ_13_1151_00_jd_td2_04","feeds","0.1074","src_v2_role_graph_seed_2026_03","0.6418","seeded_from_cluster_dependency_proxy"
"occ_13_1151_00","task_occ_13_1151_00_94","task_occ_13_1151_00_jd_td2_03","feeds","0.0744","src_v2_role_graph_seed_2026_03","0.6292","seeded_from_cluster_dependency_proxy"
"occ_13_1151_00","task_occ_13_1151_00_94","task_occ_13_1151_00_jd_td2_04","feeds","0.1074","src_v2_role_graph_seed_2026_03","0.6418","seeded_from_cluster_dependency_proxy"
"occ_13_1151_00","task_occ_13_1151_00_jd_td_01","task_occ_13_1151_00_jd_td_02","feeds","0.6000","src_manual_role_graph_review_2026_03","0.8400","reviewed_job_posting_dependency"
"occ_13_1151_00","task_occ_13_1151_00_jd_td_02","task_occ_13_1151_00_jd_td_03","supports","0.5600","src_manual_role_graph_review_2026_03","0.8200","reviewed_job_posting_dependency"
"occ_13_1151_00","task_occ_13_1151_00_jd_td_03","task_occ_13_1151_00_jd_td_04","feeds","0.5800","src_manual_role_graph_review_2026_03","0.8400","reviewed_job_posting_dependency"
"occ_13_1161_00","task_occ_13_1161_00_5439","task_occ_13_1161_00_jd_mk_02","feeds","0.1077","src_v2_role_graph_seed_2026_03","0.6355","seeded_from_cluster_dependency_proxy"
"occ_13_1161_00","task_occ_13_1161_00_5439","task_occ_13_1161_00_jd_mk2_03","feeds","0.0747","src_v2_role_graph_seed_2026_03","0.6323","seeded_from_cluster_dependency_proxy"
"occ_13_1161_00","task_occ_13_1161_00_5443","task_occ_13_1161_00_jd_mk_02","feeds","0.1077","src_v2_role_graph_seed_2026_03","0.6355","seeded_from_cluster_dependency_proxy"
"occ_13_1161_00","task_occ_13_1161_00_5443","task_occ_13_1161_00_jd_mk2_03","feeds","0.0747","src_v2_role_graph_seed_2026_03","0.6323","seeded_from_cluster_dependency_proxy"
"occ_13_1161_00","task_occ_13_1161_00_jd_mk_01","task_occ_13_1161_00_jd_mk_04","feeds","0.6000","src_manual_role_graph_review_2026_03","0.8400","reviewed_job_posting_dependency"
"occ_13_1161_00","task_occ_13_1161_00_jd_mk_02","task_occ_13_1161_00_jd_mk_01","supports","0.5600","src_manual_role_graph_review_2026_03","0.8200","reviewed_job_posting_dependency"
"occ_13_1161_00","task_occ_13_1161_00_jd_mk_03","task_occ_13_1161_00_jd_mk_04","supports","0.5500","src_manual_role_graph_review_2026_03","0.8200","reviewed_job_posting_dependency"
"occ_13_1161_00","task_occ_13_1161_00_manual_mr_01","task_occ_13_1161_00_manual_mr_02","supports","0.4600","src_manual_role_graph_review_2026_03","0.8000","manual_role_graph_dependency"
"occ_13_1161_00","task_occ_13_1161_00_manual_mr_02","task_occ_13_1161_00_manual_mr_03","feeds","0.6100","src_manual_role_graph_review_2026_03","0.8600","manual_role_graph_dependency"
"occ_13_1161_00","task_occ_13_1161_00_manual_mr_03","task_occ_13_1161_00_manual_mr_04","feeds","0.6700","src_manual_role_graph_review_2026_03","0.8800","manual_role_graph_dependency"
"occ_13_1199_00","task_occ_13_1199_00_jd_bo_01","task_occ_13_1199_00_jd_bo_02","feeds","0.5800","src_manual_role_graph_review_2026_03","0.8400","reviewed_job_posting_dependency"
"occ_13_1199_00","task_occ_13_1199_00_jd_bo_02","task_occ_13_1199_00_jd_bo_03","supports","0.5500","src_manual_role_graph_review_2026_03","0.8200","reviewed_job_posting_dependency"
"occ_13_1199_00","task_occ_13_1199_00_jd_bo_03","task_occ_13_1199_00_jd_bo_04","feeds","0.6000","src_manual_role_graph_review_2026_03","0.8400","reviewed_job_posting_dependency"
"occ_13_1199_00","task_occ_13_1199_00_manual_bo_01","task_occ_13_1199_00_manual_bo_03","feeds","0.5500","src_manual_role_graph_review_2026_03","0.8200","manual_role_graph_dependency"
"occ_13_1199_00","task_occ_13_1199_00_manual_bo_03","task_occ_13_1199_00_manual_bo_05","supports","0.5900","src_manual_role_graph_review_2026_03","0.8400","manual_role_graph_dependency"
"occ_13_1199_00","task_occ_13_1199_00_manual_bo_04","task_occ_13_1199_00_manual_bo_02","feeds","0.4700","src_manual_role_graph_review_2026_03","0.8000","manual_role_graph_dependency"
"occ_13_1199_00","task_occ_13_1199_00_manual_bo_05","task_occ_13_1199_00_manual_bo_07","supports","0.4800","src_manual_role_graph_review_2026_03","0.8000","manual_role_graph_dependency"
"occ_13_1199_00","task_occ_13_1199_00_manual_bo_10","task_occ_13_1199_00_manual_bo_11","feeds","0.5300","src_manual_role_graph_review_2026_03","0.8200","manual_role_graph_dependency"
"occ_13_1199_00","task_occ_13_1199_00_manual_bo_11","task_occ_13_1199_00_manual_bo_15","feeds","0.5700","src_manual_role_graph_review_2026_03","0.8400","manual_role_graph_dependency"
"occ_13_1199_00","task_occ_13_1199_00_manual_bo_13","task_occ_13_1199_00_manual_bo_15","supports","0.4100","src_manual_role_graph_review_2026_03","0.7600","manual_role_graph_dependency"
"occ_13_1199_00","task_occ_13_1199_00_manual_bo_14","task_occ_13_1199_00_manual_bo_16","enables","0.4500","src_manual_role_graph_review_2026_03","0.7800","manual_role_graph_dependency"
"occ_13_2011_00","task_occ_13_2011_00_21508","task_occ_13_2011_00_jd_acc_01","feeds","0.0754","src_v2_role_graph_seed_2026_03","0.5930","seeded_from_cluster_dependency_proxy"
"occ_13_2011_00","task_occ_13_2011_00_21508","task_occ_13_2011_00_jd_acc2_03","feeds","0.0744","src_v2_role_graph_seed_2026_03","0.5930","seeded_from_cluster_dependency_proxy"
"occ_13_2011_00","task_occ_13_2011_00_21509","task_occ_13_2011_00_jd_acc_01","feeds","0.0754","src_v2_role_graph_seed_2026_03","0.5930","seeded_from_cluster_dependency_proxy"
"occ_13_2011_00","task_occ_13_2011_00_21509","task_occ_13_2011_00_jd_acc2_03","feeds","0.0744","src_v2_role_graph_seed_2026_03","0.5930","seeded_from_cluster_dependency_proxy"
"occ_13_2011_00","task_occ_13_2011_00_jd_acc_01","task_occ_13_2011_00_jd_acc_03","feeds","0.6000","src_manual_role_graph_review_2026_03","0.8400","reviewed_job_posting_dependency"
"occ_13_2011_00","task_occ_13_2011_00_jd_acc_01","task_occ_13_2011_00_jd_acc_04","feeds","0.6100","src_manual_role_graph_review_2026_03","0.8400","reviewed_job_posting_dependency"
"occ_13_2011_00","task_occ_13_2011_00_jd_acc_02","task_occ_13_2011_00_jd_acc_01","supports","0.5600","src_manual_role_graph_review_2026_03","0.8200","reviewed_job_posting_dependency"
"occ_13_2051_00","task_occ_13_2051_00_21579","task_occ_13_2051_00_jd_fa_04","feeds","0.1065","src_v2_role_graph_seed_2026_03","0.6742","seeded_from_cluster_dependency_proxy"
"occ_13_2051_00","task_occ_13_2051_00_21579","task_occ_13_2051_00_jd_fa2_03","feeds","0.0738","src_v2_role_graph_seed_2026_03","0.6584","seeded_from_cluster_dependency_proxy"
"occ_13_2051_00","task_occ_13_2051_00_21579","task_occ_13_2051_00_jd_fa2_04","feeds","0.1054","src_v2_role_graph_seed_2026_03","0.6742","seeded_from_cluster_dependency_proxy"
"occ_13_2051_00","task_occ_13_2051_00_21602","task_occ_13_2051_00_jd_fa_04","feeds","0.1065","src_v2_role_graph_seed_2026_03","0.6742","seeded_from_cluster_dependency_proxy"
"occ_13_2051_00","task_occ_13_2051_00_21602","task_occ_13_2051_00_jd_fa2_03","feeds","0.0738","src_v2_role_graph_seed_2026_03","0.6584","seeded_from_cluster_dependency_proxy"
"occ_13_2051_00","task_occ_13_2051_00_21602","task_occ_13_2051_00_jd_fa2_04","feeds","0.1054","src_v2_role_graph_seed_2026_03","0.6742","seeded_from_cluster_dependency_proxy"
"occ_13_2051_00","task_occ_13_2051_00_jd_fa_01","task_occ_13_2051_00_jd_fa_02","feeds","0.6000","src_manual_role_graph_review_2026_03","0.8400","reviewed_job_posting_dependency"
"occ_13_2051_00","task_occ_13_2051_00_jd_fa_02","task_occ_13_2051_00_jd_fa_03","supports","0.5600","src_manual_role_graph_review_2026_03","0.8200","reviewed_job_posting_dependency"
"occ_13_2051_00","task_occ_13_2051_00_jd_fa_03","task_occ_13_2051_00_jd_fa_04","feeds","0.5800","src_manual_role_graph_review_2026_03","0.8400","reviewed_job_posting_dependency"
"occ_13_2052_00","task_occ_13_2052_00_12904","task_occ_13_2052_00_jd_pfa2_02","feeds","0.0739","src_v2_role_graph_seed_2026_03","0.6764","seeded_from_cluster_dependency_proxy"
"occ_13_2052_00","task_occ_13_2052_00_12904","task_occ_13_2052_00_jd_pfa2_04","feeds","0.1039","src_v2_role_graph_seed_2026_03","0.6465","seeded_from_cluster_dependency_proxy"
"occ_13_2052_00","task_occ_13_2052_00_20188","task_occ_13_2052_00_jd_pfa2_02","feeds","0.0739","src_v2_role_graph_seed_2026_03","0.6764","seeded_from_cluster_dependency_proxy"
"occ_13_2052_00","task_occ_13_2052_00_20188","task_occ_13_2052_00_jd_pfa2_04","feeds","0.1039","src_v2_role_graph_seed_2026_03","0.6465","seeded_from_cluster_dependency_proxy"
"occ_13_2072_00","task_occ_13_2072_00_3408","task_occ_13_2072_00_jd_lo2_02","feeds","0.1083","src_v2_role_graph_seed_2026_03","0.6796","seeded_from_cluster_dependency_proxy"
"occ_13_2072_00","task_occ_13_2072_00_3408","task_occ_13_2072_00_jd_lo2_03","feeds","0.0750","src_v2_role_graph_seed_2026_03","0.7064","seeded_from_cluster_dependency_proxy"
"occ_13_2072_00","task_occ_13_2072_00_3410","task_occ_13_2072_00_jd_lo2_02","feeds","0.1083","src_v2_role_graph_seed_2026_03","0.6796","seeded_from_cluster_dependency_proxy"
"occ_13_2072_00","task_occ_13_2072_00_3410","task_occ_13_2072_00_jd_lo2_03","feeds","0.0750","src_v2_role_graph_seed_2026_03","0.7064","seeded_from_cluster_dependency_proxy"
"occ_15_1211_00","task_occ_15_1211_00_20950","task_occ_15_1211_00_jd_sa_03","feeds","0.0745","src_v2_role_graph_seed_2026_03","0.6229","seeded_from_cluster_dependency_proxy"
"occ_15_1211_00","task_occ_15_1211_00_20950","task_occ_15_1211_00_jd_sa2_03","feeds","0.1059","src_v2_role_graph_seed_2026_03","0.5662","seeded_from_cluster_dependency_proxy"
"occ_15_1211_00","task_occ_15_1211_00_3464","task_occ_15_1211_00_jd_sa_03","feeds","0.0745","src_v2_role_graph_seed_2026_03","0.6229","seeded_from_cluster_dependency_proxy"
"occ_15_1211_00","task_occ_15_1211_00_3464","task_occ_15_1211_00_jd_sa2_03","feeds","0.1059","src_v2_role_graph_seed_2026_03","0.5662","seeded_from_cluster_dependency_proxy"
"occ_15_1211_00","task_occ_15_1211_00_jd_sa_01","task_occ_15_1211_00_jd_sa_02","feeds","0.6000","src_manual_role_graph_review_2026_03","0.8400","reviewed_job_posting_dependency"
"occ_15_1211_00","task_occ_15_1211_00_jd_sa_02","task_occ_15_1211_00_jd_sa_03","supports","0.5600","src_manual_role_graph_review_2026_03","0.8200","reviewed_job_posting_dependency"
"occ_15_1211_00","task_occ_15_1211_00_jd_sa_03","task_occ_15_1211_00_jd_sa_04","feeds","0.5700","src_manual_role_graph_review_2026_03","0.8400","reviewed_job_posting_dependency"
"occ_15_1212_00","task_occ_15_1212_00_5314","task_occ_15_1212_00_jd_isa_01","feeds","0.0758","src_v2_role_graph_seed_2026_03","0.7001","seeded_from_cluster_dependency_proxy"
"occ_15_1212_00","task_occ_15_1212_00_5314","task_occ_15_1212_00_jd_isa2_03","feeds","0.0754","src_v2_role_graph_seed_2026_03","0.7001","seeded_from_cluster_dependency_proxy"
"occ_15_1212_00","task_occ_15_1212_00_5314","task_occ_15_1212_00_jd_isa4_01","feeds","0.1072","src_v2_role_graph_seed_2026_03","0.6134","seeded_from_cluster_dependency_proxy"
"occ_15_1212_00","task_occ_15_1212_00_5316","task_occ_15_1212_00_jd_isa_01","feeds","0.0758","src_v2_role_graph_seed_2026_03","0.7001","seeded_from_cluster_dependency_proxy"
"occ_15_1212_00","task_occ_15_1212_00_5316","task_occ_15_1212_00_jd_isa2_03","feeds","0.0754","src_v2_role_graph_seed_2026_03","0.7001","seeded_from_cluster_dependency_proxy"
"occ_15_1212_00","task_occ_15_1212_00_5316","task_occ_15_1212_00_jd_isa4_01","feeds","0.1072","src_v2_role_graph_seed_2026_03","0.6134","seeded_from_cluster_dependency_proxy"
"occ_15_1212_00","task_occ_15_1212_00_manual_isa_01","task_occ_15_1212_00_manual_isa_02","feeds","0.6200","src_manual_role_graph_review_2026_03","0.8600","manual_role_graph_dependency"
"occ_15_1212_00","task_occ_15_1212_00_manual_isa_03","task_occ_15_1212_00_manual_isa_02","enables","0.4800","src_manual_role_graph_review_2026_03","0.8000","manual_role_graph_dependency"
"occ_15_1232_00","task_occ_15_1232_00_1285","task_occ_15_1232_00_jd_its_03","feeds","0.1076","src_v2_role_graph_seed_2026_03","0.5694","seeded_from_cluster_dependency_proxy"
"occ_15_1232_00","task_occ_15_1232_00_1285","task_occ_15_1232_00_jd_its2_03","feeds","0.1089","src_v2_role_graph_seed_2026_03","0.5694","seeded_from_cluster_dependency_proxy"
"occ_15_1232_00","task_occ_15_1232_00_1285","task_occ_15_1232_00_jd_its3_03","feeds","0.0752","src_v2_role_graph_seed_2026_03","0.5567","seeded_from_cluster_dependency_proxy"
"occ_15_1232_00","task_occ_15_1232_00_1286","task_occ_15_1232_00_jd_its_03","feeds","0.1076","src_v2_role_graph_seed_2026_03","0.5694","seeded_from_cluster_dependency_proxy"
"occ_15_1232_00","task_occ_15_1232_00_1286","task_occ_15_1232_00_jd_its2_03","feeds","0.1089","src_v2_role_graph_seed_2026_03","0.5694","seeded_from_cluster_dependency_proxy"
"occ_15_1232_00","task_occ_15_1232_00_1286","task_occ_15_1232_00_jd_its3_03","feeds","0.0752","src_v2_role_graph_seed_2026_03","0.5567","seeded_from_cluster_dependency_proxy"
"occ_15_1241_00","task_occ_15_1241_00_18958","task_occ_15_1241_00_jd_neta2_02","feeds","0.1069","src_v2_role_graph_seed_2026_03","0.5819","seeded_from_cluster_dependency_proxy"
"occ_15_1241_00","task_occ_15_1241_00_18958","task_occ_15_1241_00_jd_neta2_03","feeds","0.0744","src_v2_role_graph_seed_2026_03","0.5977","seeded_from_cluster_dependency_proxy"
"occ_15_1241_00","task_occ_15_1241_00_18985","task_occ_15_1241_00_jd_neta2_02","feeds","0.1069","src_v2_role_graph_seed_2026_03","0.5819","seeded_from_cluster_dependency_proxy"
"occ_15_1241_00","task_occ_15_1241_00_18985","task_occ_15_1241_00_jd_neta2_03","feeds","0.0744","src_v2_role_graph_seed_2026_03","0.5977","seeded_from_cluster_dependency_proxy"
"occ_15_1244_00","task_occ_15_1244_00_1318","task_occ_15_1244_00_jd_nsa_01","feeds","0.1092","src_v2_role_graph_seed_2026_03","0.6591","seeded_from_cluster_dependency_proxy"
"occ_15_1244_00","task_occ_15_1244_00_1318","task_occ_15_1244_00_jd_nsa_02","feeds","0.0755","src_v2_role_graph_seed_2026_03","0.6607","seeded_from_cluster_dependency_proxy"
"occ_15_1244_00","task_occ_15_1244_00_1318","task_occ_15_1244_00_jd_nsa2_02","feeds","0.0746","src_v2_role_graph_seed_2026_03","0.6607","seeded_from_cluster_dependency_proxy"
"occ_15_1244_00","task_occ_15_1244_00_1320","task_occ_15_1244_00_jd_nsa_01","feeds","0.1092","src_v2_role_graph_seed_2026_03","0.6591","seeded_from_cluster_dependency_proxy"
"occ_15_1244_00","task_occ_15_1244_00_1320","task_occ_15_1244_00_jd_nsa_02","feeds","0.0755","src_v2_role_graph_seed_2026_03","0.6607","seeded_from_cluster_dependency_proxy"
"occ_15_1244_00","task_occ_15_1244_00_1320","task_occ_15_1244_00_jd_nsa2_02","feeds","0.0746","src_v2_role_graph_seed_2026_03","0.6607","seeded_from_cluster_dependency_proxy"
"occ_15_1252_00","task_occ_15_1252_00_21670","task_occ_15_1252_00_jd_dev2_02","feeds","0.0749","src_v2_role_graph_seed_2026_03","0.6434","seeded_from_cluster_dependency_proxy"
"occ_15_1252_00","task_occ_15_1252_00_21670","task_occ_15_1252_00_jd_sd_02","feeds","0.0752","src_v2_role_graph_seed_2026_03","0.6434","seeded_from_cluster_dependency_proxy"
"occ_15_1252_00","task_occ_15_1252_00_21671","task_occ_15_1252_00_jd_dev2_02","feeds","0.0749","src_v2_role_graph_seed_2026_03","0.6254","seeded_from_cluster_dependency_proxy"
"occ_15_1252_00","task_occ_15_1252_00_21671","task_occ_15_1252_00_jd_sd_02","feeds","0.0752","src_v2_role_graph_seed_2026_03","0.6254","seeded_from_cluster_dependency_proxy"
"occ_15_1252_00","task_occ_15_1252_00_jd_sd_01","task_occ_15_1252_00_jd_sd_02","feeds","0.6100","src_manual_role_graph_review_2026_03","0.8400","reviewed_job_posting_dependency"
"occ_15_1252_00","task_occ_15_1252_00_jd_sd_02","task_occ_15_1252_00_jd_sd_04","feeds","0.5800","src_manual_role_graph_review_2026_03","0.8400","reviewed_job_posting_dependency"
"occ_15_1252_00","task_occ_15_1252_00_jd_sd_03","task_occ_15_1252_00_jd_sd_01","supports","0.5600","src_manual_role_graph_review_2026_03","0.8200","reviewed_job_posting_dependency"
"occ_15_1252_00","task_occ_15_1252_00_manual_dev_01","task_occ_15_1252_00_manual_dev_02","supports","0.5700","src_manual_role_graph_review_2026_03","0.8400","manual_role_graph_dependency"
"occ_15_1252_00","task_occ_15_1252_00_manual_dev_02","task_occ_15_1252_00_manual_dev_03","enables","0.5200","src_manual_role_graph_review_2026_03","0.8200","manual_role_graph_dependency"
"occ_15_1253_00","task_occ_15_1253_00_14641","task_occ_15_1253_00_jd_qa_02","feeds","0.0758","src_v2_role_graph_seed_2026_03","0.6103","seeded_from_cluster_dependency_proxy"
"occ_15_1253_00","task_occ_15_1253_00_14642","task_occ_15_1253_00_jd_qa_02","feeds","0.0758","src_v2_role_graph_seed_2026_03","0.6103","seeded_from_cluster_dependency_proxy"
"occ_15_2031_00","task_occ_15_2031_00_20952","task_occ_15_2031_00_jd_or_02","feeds","0.0752","src_v2_role_graph_seed_2026_03","0.5567","seeded_from_cluster_dependency_proxy"
"occ_15_2031_00","task_occ_15_2031_00_20952","task_occ_15_2031_00_jd_ora2_02","feeds","0.0756","src_v2_role_graph_seed_2026_03","0.5567","seeded_from_cluster_dependency_proxy"
"occ_15_2031_00","task_occ_15_2031_00_20952","task_occ_15_2031_00_jd_ora2_04","feeds","0.1079","src_v2_role_graph_seed_2026_03","0.6512","seeded_from_cluster_dependency_proxy"
"occ_15_2031_00","task_occ_15_2031_00_7380","task_occ_15_2031_00_jd_or_02","feeds","0.0752","src_v2_role_graph_seed_2026_03","0.5567","seeded_from_cluster_dependency_proxy"
"occ_15_2031_00","task_occ_15_2031_00_7380","task_occ_15_2031_00_jd_ora2_02","feeds","0.0756","src_v2_role_graph_seed_2026_03","0.5567","seeded_from_cluster_dependency_proxy"
"occ_15_2031_00","task_occ_15_2031_00_7380","task_occ_15_2031_00_jd_ora2_04","feeds","0.1079","src_v2_role_graph_seed_2026_03","0.6512","seeded_from_cluster_dependency_proxy"
"occ_15_2031_00","task_occ_15_2031_00_jd_or_01","task_occ_15_2031_00_jd_or_02","supports","0.5700","src_manual_role_graph_review_2026_03","0.8200","reviewed_job_posting_dependency"
"occ_15_2031_00","task_occ_15_2031_00_jd_or_02","task_occ_15_2031_00_jd_or_03","feeds","0.6000","src_manual_role_graph_review_2026_03","0.8400","reviewed_job_posting_dependency"
"occ_15_2031_00","task_occ_15_2031_00_jd_or_03","task_occ_15_2031_00_jd_or_04","supports","0.5500","src_manual_role_graph_review_2026_03","0.8200","reviewed_job_posting_dependency"
"occ_15_2031_00","task_occ_15_2031_00_manual_or_01","task_occ_15_2031_00_manual_or_02","supports","0.5500","src_manual_role_graph_review_2026_03","0.8400","manual_role_graph_dependency"
"occ_15_2031_00","task_occ_15_2031_00_manual_or_02","task_occ_15_2031_00_manual_or_03","feeds","0.5800","src_manual_role_graph_review_2026_03","0.8400","manual_role_graph_dependency"
"occ_15_2051_00","task_occ_15_2051_00_21823","task_occ_15_2051_00_jd_ds_04","feeds","0.0748","src_v2_role_graph_seed_2026_03","0.6222","seeded_from_cluster_dependency_proxy"
"occ_15_2051_00","task_occ_15_2051_00_21823","task_occ_15_2051_00_jd_ds2_02","feeds","0.1072","src_v2_role_graph_seed_2026_03","0.5923","seeded_from_cluster_dependency_proxy"
"occ_15_2051_00","task_occ_15_2051_00_21823","task_occ_15_2051_00_jd_ds3_02","feeds","0.0732","src_v2_role_graph_seed_2026_03","0.6222","seeded_from_cluster_dependency_proxy"
"occ_15_2051_00","task_occ_15_2051_00_21824","task_occ_15_2051_00_jd_ds_04","feeds","0.0748","src_v2_role_graph_seed_2026_03","0.6222","seeded_from_cluster_dependency_proxy"
"occ_15_2051_00","task_occ_15_2051_00_21824","task_occ_15_2051_00_jd_ds2_02","feeds","0.1072","src_v2_role_graph_seed_2026_03","0.5923","seeded_from_cluster_dependency_proxy"
"occ_15_2051_00","task_occ_15_2051_00_21824","task_occ_15_2051_00_jd_ds3_02","feeds","0.0732","src_v2_role_graph_seed_2026_03","0.6222","seeded_from_cluster_dependency_proxy"
"occ_15_2051_00","task_occ_15_2051_00_jd_ds_01","task_occ_15_2051_00_jd_ds_02","feeds","0.5800","src_manual_role_graph_review_2026_03","0.8400","reviewed_job_posting_dependency"
"occ_15_2051_00","task_occ_15_2051_00_jd_ds_02","task_occ_15_2051_00_jd_ds_03","feeds","0.6300","src_manual_role_graph_review_2026_03","0.8600","reviewed_job_posting_dependency"
"occ_15_2051_00","task_occ_15_2051_00_jd_ds_03","task_occ_15_2051_00_jd_ds_04","feeds","0.5700","src_manual_role_graph_review_2026_03","0.8400","reviewed_job_posting_dependency"
"occ_17_2051_00","task_occ_17_2051_00_19610","task_occ_17_2051_00_jd_ce_04","feeds","0.0748","src_v2_role_graph_seed_2026_03","0.6796","seeded_from_cluster_dependency_proxy"
"occ_17_2051_00","task_occ_17_2051_00_19610","task_occ_17_2051_00_jd_ce2_03","feeds","0.1063","src_v2_role_graph_seed_2026_03","0.6308","seeded_from_cluster_dependency_proxy"
"occ_17_2051_00","task_occ_17_2051_00_19610","task_occ_17_2051_00_jd_ce3_04","feeds","0.0750","src_v2_role_graph_seed_2026_03","0.6796","seeded_from_cluster_dependency_proxy"
"occ_17_2051_00","task_occ_17_2051_00_20491","task_occ_17_2051_00_jd_ce_04","feeds","0.0748","src_v2_role_graph_seed_2026_03","0.6796","seeded_from_cluster_dependency_proxy"
"occ_17_2051_00","task_occ_17_2051_00_20491","task_occ_17_2051_00_jd_ce2_03","feeds","0.1063","src_v2_role_graph_seed_2026_03","0.6308","seeded_from_cluster_dependency_proxy"
"occ_17_2051_00","task_occ_17_2051_00_20491","task_occ_17_2051_00_jd_ce3_04","feeds","0.0750","src_v2_role_graph_seed_2026_03","0.6796","seeded_from_cluster_dependency_proxy"
"occ_17_2071_00","task_occ_17_2071_00_1348","task_occ_17_2071_00_jd_elec_03","feeds","0.0749","src_v2_role_graph_seed_2026_03","0.6654","seeded_from_cluster_dependency_proxy"
"occ_17_2071_00","task_occ_17_2071_00_1348","task_occ_17_2071_00_jd_elec2_04","feeds","0.1059","src_v2_role_graph_seed_2026_03","0.6623","seeded_from_cluster_dependency_proxy"
"occ_17_2071_00","task_occ_17_2071_00_1349","task_occ_17_2071_00_jd_elec_03","feeds","0.0749","src_v2_role_graph_seed_2026_03","0.6654","seeded_from_cluster_dependency_proxy"
"occ_17_2071_00","task_occ_17_2071_00_1349","task_occ_17_2071_00_jd_elec2_04","feeds","0.1059","src_v2_role_graph_seed_2026_03","0.6623","seeded_from_cluster_dependency_proxy"
"occ_17_2072_00","task_occ_17_2072_00_20497","task_occ_17_2072_00_jd_ee_03","feeds","0.0749","src_v2_role_graph_seed_2026_03","0.6875","seeded_from_cluster_dependency_proxy"
"occ_17_2072_00","task_occ_17_2072_00_20497","task_occ_17_2072_00_jd_ee2_04","feeds","0.1053","src_v2_role_graph_seed_2026_03","0.6308","seeded_from_cluster_dependency_proxy"
"occ_17_2072_00","task_occ_17_2072_00_5349","task_occ_17_2072_00_jd_ee_03","feeds","0.0749","src_v2_role_graph_seed_2026_03","0.6875","seeded_from_cluster_dependency_proxy"
"occ_17_2072_00","task_occ_17_2072_00_5349","task_occ_17_2072_00_jd_ee2_04","feeds","0.1053","src_v2_role_graph_seed_2026_03","0.6308","seeded_from_cluster_dependency_proxy"
"occ_17_2072_00","task_occ_17_2072_00_jd_ee_01","task_occ_17_2072_00_jd_ee_03","feeds","0.6000","src_manual_role_graph_review_2026_03","0.8400","reviewed_job_posting_dependency"
"occ_17_2072_00","task_occ_17_2072_00_jd_ee_02","task_occ_17_2072_00_jd_ee_01","enables","0.5600","src_manual_role_graph_review_2026_03","0.8200","reviewed_job_posting_dependency"
"occ_17_2072_00","task_occ_17_2072_00_jd_ee_03","task_occ_17_2072_00_jd_ee_04","supports","0.5600","src_manual_role_graph_review_2026_03","0.8200","reviewed_job_posting_dependency"
"occ_17_2112_00","task_occ_17_2112_00_1394","task_occ_17_2112_00_jd_ind_04","feeds","0.0755","src_v2_role_graph_seed_2026_03","0.6654","seeded_from_cluster_dependency_proxy"
"occ_17_2112_00","task_occ_17_2112_00_1394","task_occ_17_2112_00_jd_ind2_02","feeds","0.1071","src_v2_role_graph_seed_2026_03","0.6308","seeded_from_cluster_dependency_proxy"
"occ_17_2112_00","task_occ_17_2112_00_1405","task_occ_17_2112_00_jd_ind_04","feeds","0.0755","src_v2_role_graph_seed_2026_03","0.6654","seeded_from_cluster_dependency_proxy"
"occ_17_2112_00","task_occ_17_2112_00_1405","task_occ_17_2112_00_jd_ind2_02","feeds","0.1071","src_v2_role_graph_seed_2026_03","0.6308","seeded_from_cluster_dependency_proxy"
"occ_17_2141_00","task_occ_17_2141_00_1411","task_occ_17_2141_00_jd_me_03","feeds","0.0749","src_v2_role_graph_seed_2026_03","0.6654","seeded_from_cluster_dependency_proxy"
"occ_17_2141_00","task_occ_17_2141_00_1411","task_occ_17_2141_00_jd_me2_04","feeds","0.1060","src_v2_role_graph_seed_2026_03","0.5772","seeded_from_cluster_dependency_proxy"
"occ_17_2141_00","task_occ_17_2141_00_20733","task_occ_17_2141_00_jd_me_03","feeds","0.0749","src_v2_role_graph_seed_2026_03","0.6654","seeded_from_cluster_dependency_proxy"
"occ_17_2141_00","task_occ_17_2141_00_20733","task_occ_17_2141_00_jd_me2_04","feeds","0.1060","src_v2_role_graph_seed_2026_03","0.5772","seeded_from_cluster_dependency_proxy"
"occ_17_2141_00","task_occ_17_2141_00_jd_me_01","task_occ_17_2141_00_jd_me_02","feeds","0.5800","src_manual_role_graph_review_2026_03","0.8400","reviewed_job_posting_dependency"
"occ_17_2141_00","task_occ_17_2141_00_jd_me_02","task_occ_17_2141_00_jd_me_03","feeds","0.6000","src_manual_role_graph_review_2026_03","0.8400","reviewed_job_posting_dependency"
"occ_17_2141_00","task_occ_17_2141_00_jd_me_04","task_occ_17_2141_00_jd_me_01","enables","0.5500","src_manual_role_graph_review_2026_03","0.8200","reviewed_job_posting_dependency"
"occ_23_1011_00","task_occ_23_1011_00_3774","task_occ_23_1011_00_jd_law_03","feeds","0.0745","src_v2_role_graph_seed_2026_03","0.5882","seeded_from_cluster_dependency_proxy"
"occ_23_1011_00","task_occ_23_1011_00_3775","task_occ_23_1011_00_jd_law_03","feeds","0.0745","src_v2_role_graph_seed_2026_03","0.5882","seeded_from_cluster_dependency_proxy"
"occ_23_1011_00","task_occ_23_1011_00_jd_law_01","task_occ_23_1011_00_jd_law_04","feeds","0.5600","src_manual_role_graph_review_2026_03","0.8400","reviewed_job_posting_dependency"
"occ_23_1011_00","task_occ_23_1011_00_jd_law_02","task_occ_23_1011_00_jd_law_01","enables","0.4700","src_manual_role_graph_review_2026_03","0.8000","reviewed_job_posting_dependency"
"occ_23_1011_00","task_occ_23_1011_00_jd_law_04","task_occ_23_1011_00_jd_law_03","supports","0.5200","src_manual_role_graph_review_2026_03","0.8200","reviewed_job_posting_dependency"
"occ_23_2011_00","task_occ_23_2011_00_18491","task_occ_23_2011_00_jd_para_01","feeds","0.1082","src_v2_role_graph_seed_2026_03","0.6103","seeded_from_cluster_dependency_proxy"
"occ_23_2011_00","task_occ_23_2011_00_18491","task_occ_23_2011_00_jd_para2_03","feeds","0.0750","src_v2_role_graph_seed_2026_03","0.6418","seeded_from_cluster_dependency_proxy"
"occ_23_2011_00","task_occ_23_2011_00_18491","task_occ_23_2011_00_jd_para3_02","feeds","0.1076","src_v2_role_graph_seed_2026_03","0.6103","seeded_from_cluster_dependency_proxy"
"occ_23_2011_00","task_occ_23_2011_00_18491","task_occ_23_2011_00_manual_para_04","feeds","0.0692","src_v2_role_graph_seed_2026_03","0.6238","seeded_from_cluster_dependency_proxy"
"occ_23_2011_00","task_occ_23_2011_00_23994","task_occ_23_2011_00_jd_para_01","feeds","0.1082","src_v2_role_graph_seed_2026_03","0.6103","seeded_from_cluster_dependency_proxy"
"occ_23_2011_00","task_occ_23_2011_00_23994","task_occ_23_2011_00_jd_para2_03","feeds","0.0750","src_v2_role_graph_seed_2026_03","0.6418","seeded_from_cluster_dependency_proxy"
"occ_23_2011_00","task_occ_23_2011_00_23994","task_occ_23_2011_00_jd_para3_02","feeds","0.1076","src_v2_role_graph_seed_2026_03","0.6103","seeded_from_cluster_dependency_proxy"
"occ_23_2011_00","task_occ_23_2011_00_23994","task_occ_23_2011_00_manual_para_04","feeds","0.0692","src_v2_role_graph_seed_2026_03","0.6238","seeded_from_cluster_dependency_proxy"
"occ_23_2011_00","task_occ_23_2011_00_jd_para_01","task_occ_23_2011_00_jd_para_02","feeds","0.5900","src_manual_role_graph_review_2026_03","0.8400","reviewed_job_posting_dependency"
"occ_23_2011_00","task_occ_23_2011_00_jd_para_02","task_occ_23_2011_00_jd_para_03","supports","0.5600","src_manual_role_graph_review_2026_03","0.8200","reviewed_job_posting_dependency"
"occ_23_2011_00","task_occ_23_2011_00_jd_para_03","task_occ_23_2011_00_jd_para_04","feeds","0.5800","src_manual_role_graph_review_2026_03","0.8400","reviewed_job_posting_dependency"
"occ_23_2011_00","task_occ_23_2011_00_manual_para_01","task_occ_23_2011_00_manual_para_02","feeds","0.6200","src_manual_role_graph_review_2026_03","0.8800","manual_role_graph_dependency"
"occ_23_2011_00","task_occ_23_2011_00_manual_para_02","task_occ_23_2011_00_manual_para_04","feeds","0.5100","src_manual_role_graph_review_2026_03","0.8200","manual_role_graph_dependency"
"occ_23_2011_00","task_occ_23_2011_00_manual_para_03","task_occ_23_2011_00_manual_para_02","enables","0.5600","src_manual_role_graph_review_2026_03","0.8400","manual_role_graph_dependency"
"occ_27_1024_00","task_occ_27_1024_00_304","task_occ_27_1024_00_jd_gd2_03","feeds","0.0747","src_v2_role_graph_seed_2026_03","0.6339","seeded_from_cluster_dependency_proxy"
"occ_27_1024_00","task_occ_27_1024_00_304","task_occ_27_1024_00_jd_gd2_04","feeds","0.1072","src_v2_role_graph_seed_2026_03","0.5772","seeded_from_cluster_dependency_proxy"
"occ_27_1024_00","task_occ_27_1024_00_307","task_occ_27_1024_00_jd_gd2_03","feeds","0.0747","src_v2_role_graph_seed_2026_03","0.6339","seeded_from_cluster_dependency_proxy"
"occ_27_1024_00","task_occ_27_1024_00_307","task_occ_27_1024_00_jd_gd2_04","feeds","0.1072","src_v2_role_graph_seed_2026_03","0.5772","seeded_from_cluster_dependency_proxy"
"occ_27_1024_00","task_occ_27_1024_00_jd_gd_01","task_occ_27_1024_00_jd_gd_03","feeds","0.5800","src_manual_role_graph_review_2026_03","0.8400","reviewed_job_posting_dependency"
"occ_27_1024_00","task_occ_27_1024_00_jd_gd_02","task_occ_27_1024_00_jd_gd_01","enables","0.5500","src_manual_role_graph_review_2026_03","0.8200","reviewed_job_posting_dependency"
"occ_27_1024_00","task_occ_27_1024_00_jd_gd_03","task_occ_27_1024_00_jd_gd_04","supports","0.5500","src_manual_role_graph_review_2026_03","0.8200","reviewed_job_posting_dependency"
"occ_27_3023_00","task_occ_27_3023_00_22623","task_occ_27_3023_00_jd_jr2_02","feeds","0.0743","src_v2_role_graph_seed_2026_03","0.6623","seeded_from_cluster_dependency_proxy"
"occ_27_3023_00","task_occ_27_3023_00_22624","task_occ_27_3023_00_jd_jr2_02","feeds","0.0743","src_v2_role_graph_seed_2026_03","0.6623","seeded_from_cluster_dependency_proxy"
"occ_27_3023_00","task_occ_27_3023_00_jd_jr_01","task_occ_27_3023_00_jd_jr_02","feeds","0.6000","src_manual_role_graph_review_2026_03","0.8400","reviewed_job_posting_dependency"
"occ_27_3023_00","task_occ_27_3023_00_jd_jr_02","task_occ_27_3023_00_jd_jr_03","feeds","0.5800","src_manual_role_graph_review_2026_03","0.8400","reviewed_job_posting_dependency"
"occ_27_3023_00","task_occ_27_3023_00_jd_jr_03","task_occ_27_3023_00_jd_jr_04","supports","0.5600","src_manual_role_graph_review_2026_03","0.8200","reviewed_job_posting_dependency"
"occ_27_3031_00","task_occ_27_3031_00_1764","task_occ_27_3031_00_jd_pr_03","feeds","0.0747","src_v2_role_graph_seed_2026_03","0.6292","seeded_from_cluster_dependency_proxy"
"occ_27_3031_00","task_occ_27_3031_00_1764","task_occ_27_3031_00_jd_pr2_03","feeds","0.1071","src_v2_role_graph_seed_2026_03","0.6670","seeded_from_cluster_dependency_proxy"
"occ_27_3031_00","task_occ_27_3031_00_1764","task_occ_27_3031_00_jd_pr2_04","feeds","0.0747","src_v2_role_graph_seed_2026_03","0.6292","seeded_from_cluster_dependency_proxy"
"occ_27_3031_00","task_occ_27_3031_00_20554","task_occ_27_3031_00_jd_pr_03","feeds","0.0747","src_v2_role_graph_seed_2026_03","0.6292","seeded_from_cluster_dependency_proxy"
"occ_27_3031_00","task_occ_27_3031_00_20554","task_occ_27_3031_00_jd_pr2_03","feeds","0.1071","src_v2_role_graph_seed_2026_03","0.6670","seeded_from_cluster_dependency_proxy"
"occ_27_3031_00","task_occ_27_3031_00_20554","task_occ_27_3031_00_jd_pr2_04","feeds","0.0747","src_v2_role_graph_seed_2026_03","0.6292","seeded_from_cluster_dependency_proxy"
"occ_27_3031_00","task_occ_27_3031_00_jd_pr_01","task_occ_27_3031_00_jd_pr_02","feeds","0.6000","src_manual_role_graph_review_2026_03","0.8400","reviewed_job_posting_dependency"
"occ_27_3031_00","task_occ_27_3031_00_jd_pr_02","task_occ_27_3031_00_jd_pr_03","supports","0.5600","src_manual_role_graph_review_2026_03","0.8200","reviewed_job_posting_dependency"
"occ_27_3031_00","task_occ_27_3031_00_jd_pr_03","task_occ_27_3031_00_jd_pr_04","feeds","0.5800","src_manual_role_graph_review_2026_03","0.8400","reviewed_job_posting_dependency"
"occ_27_3031_00","task_occ_27_3031_00_manual_pr_02","task_occ_27_3031_00_manual_pr_03","feeds","0.6000","src_manual_role_graph_review_2026_03","0.8400","manual_role_graph_dependency"
"occ_27_3031_00","task_occ_27_3031_00_manual_pr_03","task_occ_27_3031_00_manual_pr_01","enables","0.4600","src_manual_role_graph_review_2026_03","0.8000","manual_role_graph_dependency"
"occ_27_3041_00","task_occ_27_3041_00_1777","task_occ_27_3041_00_jd_ed_02","feeds","0.0752","src_v2_role_graph_seed_2026_03","0.5583","seeded_from_cluster_dependency_proxy"
"occ_27_3041_00","task_occ_27_3041_00_1786","task_occ_27_3041_00_jd_ed_02","feeds","0.0752","src_v2_role_graph_seed_2026_03","0.5583","seeded_from_cluster_dependency_proxy"
"occ_27_3041_00","task_occ_27_3041_00_jd_ed_01","task_occ_27_3041_00_jd_ed_02","feeds","0.6000","src_manual_role_graph_review_2026_03","0.8400","reviewed_job_posting_dependency"
"occ_27_3041_00","task_occ_27_3041_00_jd_ed_02","task_occ_27_3041_00_jd_ed_03","supports","0.5600","src_manual_role_graph_review_2026_03","0.8200","reviewed_job_posting_dependency"
"occ_27_3041_00","task_occ_27_3041_00_jd_ed_03","task_occ_27_3041_00_jd_ed_04","feeds","0.5800","src_manual_role_graph_review_2026_03","0.8400","reviewed_job_posting_dependency"
"occ_27_3042_00","task_occ_27_3042_00_3966","task_occ_27_3042_00_jd_tw_03","feeds","0.0748","src_v2_role_graph_seed_2026_03","0.6418","seeded_from_cluster_dependency_proxy"
"occ_27_3042_00","task_occ_27_3042_00_3966","task_occ_27_3042_00_jd_tw_04","feeds","0.1064","src_v2_role_graph_seed_2026_03","0.6575","seeded_from_cluster_dependency_proxy"
"occ_27_3042_00","task_occ_27_3042_00_3966","task_occ_27_3042_00_jd_tw2_04","feeds","0.0749","src_v2_role_graph_seed_2026_03","0.6418","seeded_from_cluster_dependency_proxy"
"occ_27_3042_00","task_occ_27_3042_00_3966","task_occ_27_3042_00_manual_tw_02","feeds","0.0981","src_v2_role_graph_seed_2026_03","0.6395","seeded_from_cluster_dependency_proxy"
"occ_27_3042_00","task_occ_27_3042_00_3967","task_occ_27_3042_00_jd_tw_03","feeds","0.0748","src_v2_role_graph_seed_2026_03","0.6418","seeded_from_cluster_dependency_proxy"
"occ_27_3042_00","task_occ_27_3042_00_3967","task_occ_27_3042_00_jd_tw_04","feeds","0.1064","src_v2_role_graph_seed_2026_03","0.6575","seeded_from_cluster_dependency_proxy"
"occ_27_3042_00","task_occ_27_3042_00_3967","task_occ_27_3042_00_jd_tw2_04","feeds","0.0749","src_v2_role_graph_seed_2026_03","0.6418","seeded_from_cluster_dependency_proxy"
"occ_27_3042_00","task_occ_27_3042_00_3967","task_occ_27_3042_00_manual_tw_02","feeds","0.0981","src_v2_role_graph_seed_2026_03","0.6395","seeded_from_cluster_dependency_proxy"
"occ_27_3042_00","task_occ_27_3042_00_jd_tw_01","task_occ_27_3042_00_jd_tw_02","enables","0.4800","src_manual_role_graph_review_2026_03","0.8000","reviewed_job_posting_dependency"
"occ_27_3042_00","task_occ_27_3042_00_jd_tw_02","task_occ_27_3042_00_jd_tw_03","feeds","0.5900","src_manual_role_graph_review_2026_03","0.8400","reviewed_job_posting_dependency"
"occ_27_3042_00","task_occ_27_3042_00_jd_tw_04","task_occ_27_3042_00_jd_tw_03","enables","0.4400","src_manual_role_graph_review_2026_03","0.7800","reviewed_job_posting_dependency"
"occ_27_3042_00","task_occ_27_3042_00_manual_tw_01","task_occ_27_3042_00_manual_tw_03","feeds","0.6600","src_manual_role_graph_review_2026_03","0.8600","manual_role_graph_dependency"
"occ_27_3042_00","task_occ_27_3042_00_manual_tw_02","task_occ_27_3042_00_manual_tw_03","enables","0.4500","src_manual_role_graph_review_2026_03","0.8000","manual_role_graph_dependency"
"occ_27_3042_00","task_occ_27_3042_00_manual_tw_04","task_occ_27_3042_00_manual_tw_05","feeds","0.5500","src_manual_role_graph_review_2026_03","0.8400","manual_role_graph_dependency"
"occ_27_3042_00","task_occ_27_3042_00_manual_tw_05","task_occ_27_3042_00_manual_tw_06","supports","0.5000","src_manual_role_graph_review_2026_03","0.8200","manual_role_graph_dependency"
"occ_27_3043_00","task_occ_27_3043_00_22655","task_occ_27_3043_00_jd_wa2_03","feeds","0.0743","src_v2_role_graph_seed_2026_03","0.6591","seeded_from_cluster_dependency_proxy"
"occ_27_3043_00","task_occ_27_3043_00_22656","task_occ_27_3043_00_jd_wa2_03","feeds","0.0743","src_v2_role_graph_seed_2026_03","0.6591","seeded_from_cluster_dependency_proxy"
"occ_27_3043_00","task_occ_27_3043_00_jd_wa_01","task_occ_27_3043_00_jd_wa_04","feeds","0.5800","src_manual_role_graph_review_2026_03","0.8400","reviewed_job_posting_dependency"
"occ_27_3043_00","task_occ_27_3043_00_jd_wa_02","task_occ_27_3043_00_jd_wa_01","enables","0.5500","src_manual_role_graph_review_2026_03","0.8200","reviewed_job_posting_dependency"
"occ_27_3043_00","task_occ_27_3043_00_jd_wa_03","task_occ_27_3043_00_jd_wa_01","supports","0.5600","src_manual_role_graph_review_2026_03","0.8200","reviewed_job_posting_dependency"
"occ_41_3011_00","task_occ_41_3011_00_4581","task_occ_41_3011_00_jd_as2_02","feeds","0.1074","src_v2_role_graph_seed_2026_03","0.7237","seeded_from_cluster_dependency_proxy"
"occ_41_3011_00","task_occ_41_3011_00_4581","task_occ_41_3011_00_jd_as2_03","feeds","0.0743","src_v2_role_graph_seed_2026_03","0.6702","seeded_from_cluster_dependency_proxy"
"occ_41_3011_00","task_occ_41_3011_00_4586","task_occ_41_3011_00_jd_as2_02","feeds","0.1074","src_v2_role_graph_seed_2026_03","0.7237","seeded_from_cluster_dependency_proxy"
"occ_41_3011_00","task_occ_41_3011_00_4586","task_occ_41_3011_00_jd_as2_03","feeds","0.0743","src_v2_role_graph_seed_2026_03","0.6702","seeded_from_cluster_dependency_proxy"
"occ_41_3011_00","task_occ_41_3011_00_jd_as_01","task_occ_41_3011_00_jd_as_02","feeds","0.6000","src_manual_role_graph_review_2026_03","0.8400","reviewed_job_posting_dependency"
"occ_41_3011_00","task_occ_41_3011_00_jd_as_02","task_occ_41_3011_00_jd_as_03","supports","0.5600","src_manual_role_graph_review_2026_03","0.8200","reviewed_job_posting_dependency"
"occ_41_3011_00","task_occ_41_3011_00_jd_as_03","task_occ_41_3011_00_jd_as_04","feeds","0.5800","src_manual_role_graph_review_2026_03","0.8400","reviewed_job_posting_dependency"
"occ_41_3021_00","task_occ_41_3021_00_720","task_occ_41_3021_00_jd_ins_03","feeds","0.1081","src_v2_role_graph_seed_2026_03","0.6418","seeded_from_cluster_dependency_proxy"
"occ_41_3021_00","task_occ_41_3021_00_720","task_occ_41_3021_00_jd_ins2_03","feeds","0.0745","src_v2_role_graph_seed_2026_03","0.6229","seeded_from_cluster_dependency_proxy"
"occ_41_3021_00","task_occ_41_3021_00_721","task_occ_41_3021_00_jd_ins_03","feeds","0.1081","src_v2_role_graph_seed_2026_03","0.6418","seeded_from_cluster_dependency_proxy"
"occ_41_3021_00","task_occ_41_3021_00_721","task_occ_41_3021_00_jd_ins2_03","feeds","0.0745","src_v2_role_graph_seed_2026_03","0.6229","seeded_from_cluster_dependency_proxy"
"occ_41_3031_00","task_occ_41_3031_00_23192","task_occ_41_3031_00_jd_fss2_02","feeds","0.0749","src_v2_role_graph_seed_2026_03","0.6071","seeded_from_cluster_dependency_proxy"
"occ_41_3031_00","task_occ_41_3031_00_23192","task_occ_41_3031_00_jd_fss2_04","feeds","0.1044","src_v2_role_graph_seed_2026_03","0.6953","seeded_from_cluster_dependency_proxy"
"occ_41_3031_00","task_occ_41_3031_00_23193","task_occ_41_3031_00_jd_fss2_02","feeds","0.0749","src_v2_role_graph_seed_2026_03","0.6071","seeded_from_cluster_dependency_proxy"
"occ_41_3031_00","task_occ_41_3031_00_23193","task_occ_41_3031_00_jd_fss2_04","feeds","0.1044","src_v2_role_graph_seed_2026_03","0.6953","seeded_from_cluster_dependency_proxy"
"occ_41_3091_00","task_occ_41_3091_00_23222","task_occ_41_3091_00_jd_sr_02","feeds","0.1072","src_v2_role_graph_seed_2026_03","0.6112","seeded_from_cluster_dependency_proxy"
"occ_41_3091_00","task_occ_41_3091_00_23222","task_occ_41_3091_00_jd_sr2_03","feeds","0.0740","src_v2_role_graph_seed_2026_03","0.5923","seeded_from_cluster_dependency_proxy"
"occ_41_3091_00","task_occ_41_3091_00_23222","task_occ_41_3091_00_manual_sr_06","feeds","0.0740","src_v2_role_graph_seed_2026_03","0.5923","seeded_from_cluster_dependency_proxy"
"occ_41_3091_00","task_occ_41_3091_00_23223","task_occ_41_3091_00_jd_sr_02","feeds","0.1072","src_v2_role_graph_seed_2026_03","0.6112","seeded_from_cluster_dependency_proxy"
"occ_41_3091_00","task_occ_41_3091_00_23223","task_occ_41_3091_00_jd_sr2_03","feeds","0.0740","src_v2_role_graph_seed_2026_03","0.5923","seeded_from_cluster_dependency_proxy"
"occ_41_3091_00","task_occ_41_3091_00_23223","task_occ_41_3091_00_manual_sr_06","feeds","0.0740","src_v2_role_graph_seed_2026_03","0.5923","seeded_from_cluster_dependency_proxy"
"occ_41_3091_00","task_occ_41_3091_00_jd_sr_01","task_occ_41_3091_00_jd_sr_02","feeds","0.6000","src_manual_role_graph_review_2026_03","0.8400","reviewed_job_posting_dependency"
"occ_41_3091_00","task_occ_41_3091_00_jd_sr_02","task_occ_41_3091_00_jd_sr_03","supports","0.5800","src_manual_role_graph_review_2026_03","0.8400","reviewed_job_posting_dependency"
"occ_41_3091_00","task_occ_41_3091_00_jd_sr_03","task_occ_41_3091_00_jd_sr_04","feeds","0.5500","src_manual_role_graph_review_2026_03","0.8200","reviewed_job_posting_dependency"
"occ_41_3091_00","task_occ_41_3091_00_manual_sr_01","task_occ_41_3091_00_manual_sr_02","feeds","0.5800","src_manual_role_graph_review_2026_03","0.8400","manual_role_graph_dependency"
"occ_41_3091_00","task_occ_41_3091_00_manual_sr_02","task_occ_41_3091_00_manual_sr_03","supports","0.6100","src_manual_role_graph_review_2026_03","0.8600","manual_role_graph_dependency"
"occ_41_3091_00","task_occ_41_3091_00_manual_sr_04","task_occ_41_3091_00_manual_sr_05","feeds","0.5600","src_manual_role_graph_review_2026_03","0.8400","manual_role_graph_dependency"
"occ_41_3091_00","task_occ_41_3091_00_manual_sr_05","task_occ_41_3091_00_manual_sr_06","supports","0.5200","src_manual_role_graph_review_2026_03","0.8200","manual_role_graph_dependency"
"occ_41_4011_00","task_occ_41_4011_00_11240","task_occ_41_4011_00_jd_tsr2_02","feeds","0.0746","src_v2_role_graph_seed_2026_03","0.6103","seeded_from_cluster_dependency_proxy"
"occ_41_4011_00","task_occ_41_4011_00_11240","task_occ_41_4011_00_jd_tsr2_04","feeds","0.1041","src_v2_role_graph_seed_2026_03","0.6560","seeded_from_cluster_dependency_proxy"
"occ_41_4011_00","task_occ_41_4011_00_20608","task_occ_41_4011_00_jd_tsr2_02","feeds","0.0746","src_v2_role_graph_seed_2026_03","0.6103","seeded_from_cluster_dependency_proxy"
"occ_41_4011_00","task_occ_41_4011_00_20608","task_occ_41_4011_00_jd_tsr2_04","feeds","0.1041","src_v2_role_graph_seed_2026_03","0.6560","seeded_from_cluster_dependency_proxy"
"occ_43_1011_00","task_occ_43_1011_00_9704","task_occ_43_1011_00_jd_oas_02","feeds","0.1089","src_v2_role_graph_seed_2026_03","0.7142","seeded_from_cluster_dependency_proxy"
"occ_43_1011_00","task_occ_43_1011_00_9704","task_occ_43_1011_00_jd_oas2_03","feeds","0.0747","src_v2_role_graph_seed_2026_03","0.6843","seeded_from_cluster_dependency_proxy"
"occ_43_1011_00","task_occ_43_1011_00_9705","task_occ_43_1011_00_jd_oas_02","feeds","0.1089","src_v2_role_graph_seed_2026_03","0.7142","seeded_from_cluster_dependency_proxy"
"occ_43_1011_00","task_occ_43_1011_00_9705","task_occ_43_1011_00_jd_oas2_03","feeds","0.0747","src_v2_role_graph_seed_2026_03","0.6843","seeded_from_cluster_dependency_proxy"
"occ_43_3021_00","task_occ_43_3021_00_23238","task_occ_43_3021_00_jd_bil_01","feeds","0.1093","src_v2_role_graph_seed_2026_03","0.6528","seeded_from_cluster_dependency_proxy"
"occ_43_3021_00","task_occ_43_3021_00_23238","task_occ_43_3021_00_jd_bil_02","feeds","0.0755","src_v2_role_graph_seed_2026_03","0.5709","seeded_from_cluster_dependency_proxy"
"occ_43_3021_00","task_occ_43_3021_00_23238","task_occ_43_3021_00_jd_bil2_04","feeds","0.0749","src_v2_role_graph_seed_2026_03","0.5709","seeded_from_cluster_dependency_proxy"
"occ_43_3021_00","task_occ_43_3021_00_23240","task_occ_43_3021_00_jd_bil_01","feeds","0.1093","src_v2_role_graph_seed_2026_03","0.6528","seeded_from_cluster_dependency_proxy"
"occ_43_3021_00","task_occ_43_3021_00_23240","task_occ_43_3021_00_jd_bil_02","feeds","0.0755","src_v2_role_graph_seed_2026_03","0.5709","seeded_from_cluster_dependency_proxy"
"occ_43_3021_00","task_occ_43_3021_00_23240","task_occ_43_3021_00_jd_bil2_04","feeds","0.0749","src_v2_role_graph_seed_2026_03","0.5709","seeded_from_cluster_dependency_proxy"
"occ_43_3031_00","task_occ_43_3031_00_2486","task_occ_43_3031_00_jd_bk_02","feeds","0.0754","src_v2_role_graph_seed_2026_03","0.5851","seeded_from_cluster_dependency_proxy"
"occ_43_3031_00","task_occ_43_3031_00_2486","task_occ_43_3031_00_jd_bk2_01","feeds","0.1070","src_v2_role_graph_seed_2026_03","0.6891","seeded_from_cluster_dependency_proxy"
"occ_43_3031_00","task_occ_43_3031_00_2486","task_occ_43_3031_00_jd_bk2_04","feeds","0.0752","src_v2_role_graph_seed_2026_03","0.5851","seeded_from_cluster_dependency_proxy"
"occ_43_3031_00","task_occ_43_3031_00_2487","task_occ_43_3031_00_jd_bk_02","feeds","0.0754","src_v2_role_graph_seed_2026_03","0.5851","seeded_from_cluster_dependency_proxy"
"occ_43_3031_00","task_occ_43_3031_00_2487","task_occ_43_3031_00_jd_bk2_01","feeds","0.1070","src_v2_role_graph_seed_2026_03","0.6891","seeded_from_cluster_dependency_proxy"
"occ_43_3031_00","task_occ_43_3031_00_2487","task_occ_43_3031_00_jd_bk2_04","feeds","0.0752","src_v2_role_graph_seed_2026_03","0.5851","seeded_from_cluster_dependency_proxy"
"occ_43_3031_00","task_occ_43_3031_00_jd_bk_01","task_occ_43_3031_00_jd_bk_02","feeds","0.6000","src_manual_role_graph_review_2026_03","0.8400","reviewed_job_posting_dependency"
"occ_43_3031_00","task_occ_43_3031_00_jd_bk_02","task_occ_43_3031_00_jd_bk_03","supports","0.5600","src_manual_role_graph_review_2026_03","0.8200","reviewed_job_posting_dependency"
"occ_43_3031_00","task_occ_43_3031_00_jd_bk_03","task_occ_43_3031_00_jd_bk_04","feeds","0.5800","src_manual_role_graph_review_2026_03","0.8400","reviewed_job_posting_dependency"
"occ_43_4031_00","task_occ_43_4031_00_23267","task_occ_43_4031_00_jd_clerk_01","feeds","0.1087","src_v2_role_graph_seed_2026_03","0.6481","seeded_from_cluster_dependency_proxy"
"occ_43_4031_00","task_occ_43_4031_00_23267","task_occ_43_4031_00_jd_clerk_03","feeds","0.0752","src_v2_role_graph_seed_2026_03","0.6686","seeded_from_cluster_dependency_proxy"
"occ_43_4031_00","task_occ_43_4031_00_23267","task_occ_43_4031_00_jd_clerk2_03","feeds","0.0746","src_v2_role_graph_seed_2026_03","0.6686","seeded_from_cluster_dependency_proxy"
"occ_43_4031_00","task_occ_43_4031_00_23284","task_occ_43_4031_00_jd_clerk_01","feeds","0.1087","src_v2_role_graph_seed_2026_03","0.6481","seeded_from_cluster_dependency_proxy"
"occ_43_4031_00","task_occ_43_4031_00_23284","task_occ_43_4031_00_jd_clerk_03","feeds","0.0752","src_v2_role_graph_seed_2026_03","0.6686","seeded_from_cluster_dependency_proxy"
"occ_43_4031_00","task_occ_43_4031_00_23284","task_occ_43_4031_00_jd_clerk2_03","feeds","0.0746","src_v2_role_graph_seed_2026_03","0.6686","seeded_from_cluster_dependency_proxy"
"occ_43_4051_00","task_occ_43_4051_00_18565","task_occ_43_4051_00_jd_cs_04","feeds","0.0734","src_v2_role_graph_seed_2026_03","0.7016","seeded_from_cluster_dependency_proxy"
"occ_43_4051_00","task_occ_43_4051_00_18565","task_occ_43_4051_00_jd_cs2_01","feeds","0.1087","src_v2_role_graph_seed_2026_03","0.7079","seeded_from_cluster_dependency_proxy"
"occ_43_4051_00","task_occ_43_4051_00_2578","task_occ_43_4051_00_jd_cs_04","feeds","0.0734","src_v2_role_graph_seed_2026_03","0.7016","seeded_from_cluster_dependency_proxy"
"occ_43_4051_00","task_occ_43_4051_00_2578","task_occ_43_4051_00_jd_cs2_01","feeds","0.1087","src_v2_role_graph_seed_2026_03","0.7079","seeded_from_cluster_dependency_proxy"
"occ_43_4051_00","task_occ_43_4051_00_jd_cs_01","task_occ_43_4051_00_jd_cs_02","feeds","0.5900","src_manual_role_graph_review_2026_03","0.8400","reviewed_job_posting_dependency"
"occ_43_4051_00","task_occ_43_4051_00_jd_cs_02","task_occ_43_4051_00_jd_cs_03","supports","0.5500","src_manual_role_graph_review_2026_03","0.8200","reviewed_job_posting_dependency"
"occ_43_4051_00","task_occ_43_4051_00_jd_cs_03","task_occ_43_4051_00_jd_cs_04","feeds","0.5800","src_manual_role_graph_review_2026_03","0.8400","reviewed_job_posting_dependency"
"occ_43_4051_00","task_occ_43_4051_00_manual_cs_01","task_occ_43_4051_00_manual_cs_02","feeds","0.4900","src_manual_role_graph_review_2026_03","0.8000","manual_role_graph_dependency"
"occ_43_4051_00","task_occ_43_4051_00_manual_cs_03","task_occ_43_4051_00_manual_cs_01","supports","0.5400","src_manual_role_graph_review_2026_03","0.8200","manual_role_graph_dependency"
"occ_43_4131_00","task_occ_43_4131_00_11291","task_occ_43_4131_00_jd_lcl_02","feeds","0.1087","src_v2_role_graph_seed_2026_03","0.5930","seeded_from_cluster_dependency_proxy"
"occ_43_4131_00","task_occ_43_4131_00_11291","task_occ_43_4131_00_jd_lcl_04","feeds","0.0750","src_v2_role_graph_seed_2026_03","0.6875","seeded_from_cluster_dependency_proxy"
"occ_43_4131_00","task_occ_43_4131_00_11291","task_occ_43_4131_00_jd_lcl2_04","feeds","0.1083","src_v2_role_graph_seed_2026_03","0.5930","seeded_from_cluster_dependency_proxy"
"occ_43_4131_00","task_occ_43_4131_00_11305","task_occ_43_4131_00_jd_lcl_02","feeds","0.1087","src_v2_role_graph_seed_2026_03","0.5930","seeded_from_cluster_dependency_proxy"
"occ_43_4131_00","task_occ_43_4131_00_11305","task_occ_43_4131_00_jd_lcl_04","feeds","0.0750","src_v2_role_graph_seed_2026_03","0.6875","seeded_from_cluster_dependency_proxy"
"occ_43_4131_00","task_occ_43_4131_00_11305","task_occ_43_4131_00_jd_lcl2_04","feeds","0.1083","src_v2_role_graph_seed_2026_03","0.5930","seeded_from_cluster_dependency_proxy"
"occ_43_4131_00","task_occ_43_4131_00_manual_li_01","task_occ_43_4131_00_manual_li_02","feeds","0.5800","src_manual_role_graph_review_2026_03","0.8400","manual_role_graph_dependency"
"occ_43_4131_00","task_occ_43_4131_00_manual_li_02","task_occ_43_4131_00_manual_li_03","supports","0.5000","src_manual_role_graph_review_2026_03","0.8000","manual_role_graph_dependency"
"occ_43_4171_00","task_occ_43_4171_00_744","task_occ_43_4171_00_jd_rec_02","feeds","0.1082","src_v2_role_graph_seed_2026_03","0.7001","seeded_from_cluster_dependency_proxy"
"occ_43_4171_00","task_occ_43_4171_00_744","task_occ_43_4171_00_jd_rec2_01","feeds","0.0749","src_v2_role_graph_seed_2026_03","0.6717","seeded_from_cluster_dependency_proxy"
"occ_43_4171_00","task_occ_43_4171_00_747","task_occ_43_4171_00_jd_rec_02","feeds","0.1082","src_v2_role_graph_seed_2026_03","0.7001","seeded_from_cluster_dependency_proxy"
"occ_43_4171_00","task_occ_43_4171_00_747","task_occ_43_4171_00_jd_rec2_01","feeds","0.0749","src_v2_role_graph_seed_2026_03","0.6717","seeded_from_cluster_dependency_proxy"
"occ_43_4171_00","task_occ_43_4171_00_manual_rec_02","task_occ_43_4171_00_manual_rec_03","feeds","0.5600","src_manual_role_graph_review_2026_03","0.8200","manual_role_graph_dependency"
"occ_43_4171_00","task_occ_43_4171_00_manual_rec_03","task_occ_43_4171_00_manual_rec_01","enables","0.4400","src_manual_role_graph_review_2026_03","0.7800","manual_role_graph_dependency"
"occ_43_6011_00","task_occ_43_6011_00_2770","task_occ_43_6011_00_jd_ea2_03","feeds","0.0725","src_v2_role_graph_seed_2026_03","0.5946","seeded_from_cluster_dependency_proxy"
"occ_43_6011_00","task_occ_43_6011_00_2779","task_occ_43_6011_00_jd_ea2_03","feeds","0.0725","src_v2_role_graph_seed_2026_03","0.5946","seeded_from_cluster_dependency_proxy"
"occ_43_6011_00","task_occ_43_6011_00_jd_ea_01","task_occ_43_6011_00_jd_ea_02","feeds","0.6000","src_manual_role_graph_review_2026_03","0.8400","reviewed_job_posting_dependency"
"occ_43_6011_00","task_occ_43_6011_00_jd_ea_02","task_occ_43_6011_00_jd_ea_03","supports","0.5600","src_manual_role_graph_review_2026_03","0.8200","reviewed_job_posting_dependency"
"occ_43_6011_00","task_occ_43_6011_00_jd_ea_03","task_occ_43_6011_00_jd_ea_04","feeds","0.5800","src_manual_role_graph_review_2026_03","0.8400","reviewed_job_posting_dependency"
"occ_43_6014_00","task_occ_43_6014_00_2790","task_occ_43_6014_00_jd_adm_04","feeds","0.0746","src_v2_role_graph_seed_2026_03","0.6954","seeded_from_cluster_dependency_proxy"
"occ_43_6014_00","task_occ_43_6014_00_2790","task_occ_43_6014_00_jd_adm2_01","feeds","0.1086","src_v2_role_graph_seed_2026_03","0.6528","seeded_from_cluster_dependency_proxy"
"occ_43_6014_00","task_occ_43_6014_00_2791","task_occ_43_6014_00_jd_adm_04","feeds","0.0746","src_v2_role_graph_seed_2026_03","0.6954","seeded_from_cluster_dependency_proxy"
"occ_43_6014_00","task_occ_43_6014_00_2791","task_occ_43_6014_00_jd_adm2_01","feeds","0.1086","src_v2_role_graph_seed_2026_03","0.6528","seeded_from_cluster_dependency_proxy"
"occ_43_6014_00","task_occ_43_6014_00_jd_adm_01","task_occ_43_6014_00_jd_adm_02","feeds","0.6000","src_manual_role_graph_review_2026_03","0.8400","reviewed_job_posting_dependency"
"occ_43_6014_00","task_occ_43_6014_00_jd_adm_02","task_occ_43_6014_00_jd_adm_03","supports","0.5600","src_manual_role_graph_review_2026_03","0.8200","reviewed_job_posting_dependency"
"occ_43_6014_00","task_occ_43_6014_00_jd_adm_03","task_occ_43_6014_00_jd_adm_04","feeds","0.5800","src_manual_role_graph_review_2026_03","0.8400","reviewed_job_posting_dependency"
"occ_43_9041_00","task_occ_43_9041_00_23313","task_occ_43_9041_00_jd_cpc_01","feeds","0.1093","src_v2_role_graph_seed_2026_03","0.7032","seeded_from_cluster_dependency_proxy"
"occ_43_9041_00","task_occ_43_9041_00_23313","task_occ_43_9041_00_jd_cpc_02","feeds","0.0755","src_v2_role_graph_seed_2026_03","0.6213","seeded_from_cluster_dependency_proxy"
"occ_43_9041_00","task_occ_43_9041_00_23314","task_occ_43_9041_00_jd_cpc_01","feeds","0.1093","src_v2_role_graph_seed_2026_03","0.7032","seeded_from_cluster_dependency_proxy"
"occ_43_9041_00","task_occ_43_9041_00_23314","task_occ_43_9041_00_jd_cpc_02","feeds","0.0755","src_v2_role_graph_seed_2026_03","0.6213","seeded_from_cluster_dependency_proxy"
"occ_43_9061_00","task_occ_43_9061_00_827","task_occ_43_9061_00_jd_oc2_01","feeds","0.1082","src_v2_role_graph_seed_2026_03","0.6922","seeded_from_cluster_dependency_proxy"
"occ_43_9061_00","task_occ_43_9061_00_827","task_occ_43_9061_00_jd_oc2_02","feeds","0.0746","src_v2_role_graph_seed_2026_03","0.6702","seeded_from_cluster_dependency_proxy"
"occ_43_9061_00","task_occ_43_9061_00_830","task_occ_43_9061_00_jd_oc2_01","feeds","0.1082","src_v2_role_graph_seed_2026_03","0.6922","seeded_from_cluster_dependency_proxy"
"occ_43_9061_00","task_occ_43_9061_00_830","task_occ_43_9061_00_jd_oc2_02","feeds","0.0746","src_v2_role_graph_seed_2026_03","0.6702","seeded_from_cluster_dependency_proxy"
"occ_43_9061_00","task_occ_43_9061_00_jd_oc_01","task_occ_43_9061_00_jd_oc_02","feeds","0.6000","src_manual_role_graph_review_2026_03","0.8400","reviewed_job_posting_dependency"
"occ_43_9061_00","task_occ_43_9061_00_jd_oc_02","task_occ_43_9061_00_jd_oc_03","supports","0.5600","src_manual_role_graph_review_2026_03","0.8200","reviewed_job_posting_dependency"
"occ_43_9061_00","task_occ_43_9061_00_jd_oc_03","task_occ_43_9061_00_jd_oc_04","feeds","0.5800","src_manual_role_graph_review_2026_03","0.8400","reviewed_job_posting_dependency"
"occ_43_9111_00","task_occ_43_9111_00_9788","task_occ_43_9111_00_jd_st_03","feeds","0.0750","src_v2_role_graph_seed_2026_03","0.5867","seeded_from_cluster_dependency_proxy"
"occ_43_9111_00","task_occ_43_9111_00_9788","task_occ_43_9111_00_jd_st2_01","feeds","0.0757","src_v2_role_graph_seed_2026_03","0.5867","seeded_from_cluster_dependency_proxy"
"occ_43_9111_00","task_occ_43_9111_00_9792","task_occ_43_9111_00_jd_st_03","feeds","0.0750","src_v2_role_graph_seed_2026_03","0.5867","seeded_from_cluster_dependency_proxy"
"occ_43_9111_00","task_occ_43_9111_00_9792","task_occ_43_9111_00_jd_st2_01","feeds","0.0757","src_v2_role_graph_seed_2026_03","0.5867","seeded_from_cluster_dependency_proxy"
"occ_43_9111_00","task_occ_43_9111_00_jd_st_01","task_occ_43_9111_00_jd_st_02","feeds","0.6000","src_manual_role_graph_review_2026_03","0.8400","reviewed_job_posting_dependency"
"occ_43_9111_00","task_occ_43_9111_00_jd_st_02","task_occ_43_9111_00_jd_st_03","supports","0.5600","src_manual_role_graph_review_2026_03","0.8200","reviewed_job_posting_dependency"
"occ_43_9111_00","task_occ_43_9111_00_jd_st_03","task_occ_43_9111_00_jd_st_04","feeds","0.5800","src_manual_role_graph_review_2026_03","0.8400","reviewed_job_posting_dependency"
"occ_43_9111_00","task_occ_43_9111_00_manual_sa_01","task_occ_43_9111_00_manual_sa_02","feeds","0.6300","src_manual_role_graph_review_2026_03","0.8600","manual_role_graph_dependency"
"occ_43_9111_00","task_occ_43_9111_00_manual_sa_02","task_occ_43_9111_00_manual_sa_03","supports","0.4200","src_manual_role_graph_review_2026_03","0.7800","manual_role_graph_dependency"
